TCode,Name,destCity,Final_Arrival,Initial_Departure,Total_Trip_Duration_mins,Duration (sec),Direction
T010,Como & Eustis,Minneapolis,7:31am,6:58am,33.0,83.0,Walk to Como Ave & Eustis St
T010,Como & Eustis,Minneapolis,7:31am,6:58am,33.0,780.0,Bus towards Westbound 3 Dwtn Mpls / Target Field
T010,Como & Eustis,Minneapolis,7:31am,6:58am,33.0,113.0,Walk to Cedar Ave S & Washington Ave (15th Ave)
T010,Como & Eustis,Minneapolis,7:31am,6:58am,33.0,540.0,Bus towards Northbound 22C N Lyndale/Via Dupont-57/Brklyn Ctr T
T010,Como & Eustis,Minneapolis,7:31am,6:58am,33.0,151.0,"Walk to 215 S 8th St, Minneapolis, MN 55402, USA"
T028,Normandale Village,Minneapolis,7:40am,7:00am,40.0,21.0,Walk to Normandale Village & P&R
T028,Normandale Village,Minneapolis,7:40am,7:00am,40.0,2340.0,Bus towards Northbound 589 Express / Minneapolis
T028,Normandale Village,Minneapolis,7:40am,7:00am,40.0,7.0,"Walk to 215 S 8th St, Minneapolis, MN 55402, USA"
T032,St. Edward's Catholic Church,Minneapolis,7:40am,7:06am,34.0,20.0,Walk to 94th St W & St Edward Church P&R
T032,St. Edward's Catholic Church,Minneapolis,7:40am,7:06am,34.0,1980.0,Bus towards Northbound 589 Express / Minneapolis
T032,St. Edward's Catholic Church,Minneapolis,7:40am,7:06am,34.0,7.0,"Walk to 215 S 8th St, Minneapolis, MN 55402, USA"
T040,Co Rd 73 & I-394 South,Minneapolis,7:44am,7:21am,23.0,204.0,Walk to Co Rd 73 P&R & A Bay
T040,Co Rd 73 & I-394 South,Minneapolis,7:44am,7:21am,23.0,1140.0,Bus towards Eastbound 673 Express / Downtown
T040,Co Rd 73 & I-394 South,Minneapolis,7:44am,7:21am,23.0,7.0,"Walk to 215 S 8th St, Minneapolis, MN 55402, USA"
T042,Minnetonka Blvd & Baker Rd,Minneapolis,7:43am,7:13am,30.0,84.0,Walk to Minnetonka Blvd & Baker Rd (Co Rd 60)
T042,Minnetonka Blvd & Baker Rd,Minneapolis,7:43am,7:13am,30.0,1680.0,Bus towards Eastbound 671 Express / Downtown
T042,Minnetonka Blvd & Baker Rd,Minneapolis,7:43am,7:13am,30.0,7.0,"Walk to 215 S 8th St, Minneapolis, MN 55402, USA"
T043,Minnetonka Blvd & Steele St,Minneapolis,7:43am,7:09am,34.0,29.0,Walk to Minnetonka Blvd & Steele St P&R
T043,Minnetonka Blvd & Steele St,Minneapolis,7:43am,7:09am,34.0,1980.0,Bus towards Eastbound 671 Express / Downtown
T043,Minnetonka Blvd & Steele St,Minneapolis,7:43am,7:09am,34.0,7.0,"Walk to 215 S 8th St, Minneapolis, MN 55402, USA"
T057,Excelsior City Hall,Minneapolis,7:43am,6:50am,53.0,119.0,Walk to Water St & 2nd St
T057,Excelsior City Hall,Minneapolis,7:43am,6:50am,53.0,3060.0,Bus towards Eastbound 671 Express / Downtown
T057,Excelsior City Hall,Minneapolis,7:43am,6:50am,53.0,7.0,"Walk to 215 S 8th St, Minneapolis, MN 55402, USA"
T081,Westwood Lutheran Church,Minneapolis,7:32am,7:03am,29.0,8.0,Walk to Cedar Lake Rd & Westwood Church P&R
T081,Westwood Lutheran Church,Minneapolis,7:32am,7:03am,29.0,1440.0,Bus towards Eastbound 663 Express / Downtown
T081,Westwood Lutheran Church,Minneapolis,7:32am,7:03am,29.0,278.0,"Walk to 215 S 8th St, Minneapolis, MN 55402, USA"
T082,Little Canada Municipal Lot,Minneapolis,7:29am,6:18am,71.0,23.0,Walk to Little Canada Rd & McMenemy St
T082,Little Canada Municipal Lot,Minneapolis,7:29am,6:18am,71.0,1680.0,Bus towards Southbound 71A Downtown / Chester St
T082,Little Canada Municipal Lot,Minneapolis,7:29am,6:18am,71.0,91.0,Walk to 6th St & Jackson / Robert
T082,Little Canada Municipal Lot,Minneapolis,7:29am,6:18am,71.0,1380.0,Bus towards Westbound 94 Express / Downtown / Minneapolis
T082,Little Canada Municipal Lot,Minneapolis,7:29am,6:18am,71.0,151.0,"Walk to 215 S 8th St, Minneapolis, MN 55402, USA"
T098,Salem Covenant Church,Minneapolis,7:42am,7:06am,36.0,19.0,Walk to Silver Lake Rd & 5th St NW
T098,Salem Covenant Church,Minneapolis,7:42am,7:06am,36.0,1920.0,Bus towards Southbound 825 Ltd Stop / Downtown
T098,Salem Covenant Church,Minneapolis,7:42am,7:06am,36.0,150.0,"Walk to 215 S 8th St, Minneapolis, MN 55402, USA"
T110,Faith-Lilac Way Lutheran Church,Minneapolis,7:26am,7:01am,25.0,175.0,Walk to 42nd Ave N & Welcome Ave / Hwy 100
T110,Faith-Lilac Way Lutheran Church,Minneapolis,7:26am,7:01am,25.0,1020.0,Bus towards Southbound 764 Express / Downtown
T110,Faith-Lilac Way Lutheran Church,Minneapolis,7:26am,7:01am,25.0,286.0,"Walk to 215 S 8th St, Minneapolis, MN 55402, USA"
T114,Navarre Center,Minneapolis,7:43am,6:40am,63.0,212.0,Walk to Shadywood Rd (Co Rd 19) & Shoreline Dr
T114,Navarre Center,Minneapolis,7:43am,6:40am,63.0,3540.0,Bus towards Eastbound 671 Express / Downtown
T114,Navarre Center,Minneapolis,7:43am,6:40am,63.0,7.0,"Walk to 215 S 8th St, Minneapolis, MN 55402, USA"
T130,Wayzata Blvd & Barry Ave,Minneapolis,7:44am,7:18am,26.0,38.0,Walk to Wayzata Blvd P&R & Gate B
T130,Wayzata Blvd & Barry Ave,Minneapolis,7:44am,7:18am,26.0,1500.0,Bus towards Eastbound 674 Express / Downtown
T130,Wayzata Blvd & Barry Ave,Minneapolis,7:44am,7:18am,26.0,7.0,"Walk to 215 S 8th St, Minneapolis, MN 55402, USA"
T140,Mermaid Supper Club,Minneapolis,7:40am,7:09am,31.0,238.0,Walk to Co Rd H P&R & Mounds View Blvd / I-35W
T140,Mermaid Supper Club,Minneapolis,7:40am,7:09am,31.0,1500.0,Bus towards Southbound 250 Express / Co Rd H P&R / Downtown
T140,Mermaid Supper Club,Minneapolis,7:40am,7:09am,31.0,167.0,"Walk to 215 S 8th St, Minneapolis, MN 55402, USA"
T142,West River Rd & 117th Ave,Minneapolis,7:26am,6:44am,42.0,102.0,Walk to West River Rd & 117th Ave P&R
T142,West River Rd & 117th Ave,Minneapolis,7:26am,6:44am,42.0,2280.0,Bus towards Southbound 766 Express / Downtown / Via W River Rd
T142,West River Rd & 117th Ave,Minneapolis,7:26am,6:44am,42.0,113.0,"Walk to 215 S 8th St, Minneapolis, MN 55402, USA"
T143,Zachary Square,Minneapolis,7:23am,6:49am,34.0,1920.0,Bus towards Southbound 782 Trip 3 / Maple Grove / To Mpls
T143,Zachary Square,Minneapolis,7:23am,6:49am,34.0,113.0,"Walk to 215 S 8th St, Minneapolis, MN 55402, USA"
T145,Christ Episcopal Church,Minneapolis,7:43am,6:51am,52.0,500.0,Walk to Woodbury Theatre & P&R - Leave
T145,Christ Episcopal Church,Minneapolis,7:43am,6:51am,52.0,2460.0,Bus towards Westbound 355 Express / Minneapolis
T145,Christ Episcopal Church,Minneapolis,7:43am,6:51am,52.0,151.0,"Walk to 215 S 8th St, Minneapolis, MN 55402, USA"
T152,Blackhawk,Minneapolis,7:35am,7:00am,35.0,35.0,Walk to Blackhawk Park & Ride
T152,Blackhawk,Minneapolis,7:35am,7:00am,35.0,2040.0,Bus towards 472 Minneapolis
T152,Blackhawk,Minneapolis,7:35am,7:00am,35.0,49.0,"Walk to 215 S 8th St, Minneapolis, MN 55402, USA"
T155,Church of Nazarene,Minneapolis,7:34am,7:10am,24.0,195.0,Walk to Hwy 252 & 73rd Ave N
T155,Church of Nazarene,Minneapolis,7:34am,7:10am,24.0,1080.0,Bus towards Southbound 768 Express / Downtown
T155,Church of Nazarene,Minneapolis,7:34am,7:10am,24.0,113.0,"Walk to 215 S 8th St, Minneapolis, MN 55402, USA"
T158,Hwy 7 & Texas Ave,Minneapolis,7:41am,7:11am,30.0,1800.0,Bus towards Eastbound 668 Express / Downtown
T158,Hwy 7 & Texas Ave,Minneapolis,7:41am,7:11am,30.0,7.0,"Walk to 215 S 8th St, Minneapolis, MN 55402, USA"
T161,I-35W & Co Rd H,Minneapolis,7:40am,7:13am,27.0,1500.0,Bus towards Southbound 250 Express / Co Rd H P&R / Downtown
T161,I-35W & Co Rd H,Minneapolis,7:40am,7:13am,27.0,167.0,"Walk to 215 S 8th St, Minneapolis, MN 55402, USA"
T173,Hwy 61 & Lower Afton Rd,Minneapolis,7:43am,7:05am,38.0,200.0,Walk to Hwy 61 & Lower Afton P&R
T173,Hwy 61 & Lower Afton Rd,Minneapolis,7:43am,7:05am,38.0,1860.0,Bus towards Northbound 365 Express / Minneapolis
T173,Hwy 61 & Lower Afton Rd,Minneapolis,7:43am,7:05am,38.0,151.0,"Walk to 215 S 8th St, Minneapolis, MN 55402, USA"
T177,Shepherd of the Grove Church,Minneapolis,7:43am,7:12am,31.0,68.0,Walk to Eagle Lake Rd & Shepherd of the Grove P&R
T177,Shepherd of the Grove Church,Minneapolis,7:43am,7:12am,31.0,1680.0,Bus towards Southbound 780 Trip 3/Maple Grove/To Mpls
T177,Shepherd of the Grove Church,Minneapolis,7:43am,7:12am,31.0,113.0,"Walk to 215 S 8th St, Minneapolis, MN 55402, USA"
T180,General Mills Blvd & I-394,Minneapolis,7:38am,7:13am,25.0,30.0,Walk to Interstate 394 En & Gen Mills Blvd P&R
T180,General Mills Blvd & I-394,Minneapolis,7:38am,7:13am,25.0,1440.0,Bus towards Eastbound 645 Ltd Stop / Minneapolis
T180,General Mills Blvd & I-394,Minneapolis,7:38am,7:13am,25.0,7.0,"Walk to 215 S 8th St, Minneapolis, MN 55402, USA"
T187,St. Joseph's Church,Minneapolis,7:16am,6:25am,51.0,26.0,Walk to St Josephs P&R & #171 Elm St
T187,St. Joseph's Church,Minneapolis,7:16am,6:25am,51.0,2880.0,Bus towards Southbound 250 Express / Downtown
T187,St. Joseph's Church,Minneapolis,7:16am,6:25am,51.0,167.0,"Walk to 215 S 8th St, Minneapolis, MN 55402, USA"
T191,Shoreview Community Center,Minneapolis,7:17am,6:29am,48.0,142.0,Walk to Shoreview Community Center & Victoria Dr
T191,Shoreview Community Center,Minneapolis,7:17am,6:29am,48.0,2580.0,Bus towards Southbound 261 Express / Dwtn Mpls
T191,Shoreview Community Center,Minneapolis,7:17am,6:29am,48.0,167.0,"Walk to 215 S 8th St, Minneapolis, MN 55402, USA"
T195,Park Place & I-394,Minneapolis,7:38am,7:21am,17.0,100.0,Walk to Wayzata Blvd S & Park Place Blvd
T195,Park Place & I-394,Minneapolis,7:38am,7:21am,17.0,840.0,Bus towards Eastbound 645 Ltd Stop / Minneapolis
T195,Park Place & I-394,Minneapolis,7:38am,7:21am,17.0,7.0,"Walk to 215 S 8th St, Minneapolis, MN 55402, USA"
T198,Palomino Hills,Minneapolis,7:38am,7:04am,34.0,4.0,Walk to Pennock Av at Palomino Hills E corner
T198,Palomino Hills,Minneapolis,7:38am,7:04am,34.0,1980.0,Bus towards 476 Minneapolis
T198,Palomino Hills,Minneapolis,7:38am,7:04am,34.0,49.0,"Walk to 215 S 8th St, Minneapolis, MN 55402, USA"
T199,St. Luke's Lutheran Church,Minneapolis,7:36am,7:04am,32.0,143.0,Walk to Old Shakopee Rd & St Lukes P&R
T199,St. Luke's Lutheran Church,Minneapolis,7:36am,7:04am,32.0,1740.0,Bus towards Northbound 597 Express / Minneapolis
T199,St. Luke's Lutheran Church,Minneapolis,7:36am,7:04am,32.0,38.0,"Walk to 215 S 8th St, Minneapolis, MN 55402, USA"
T201,Richardson Park,Minneapolis,7:26am,6:37am,49.0,2820.0,Bus towards Southbound 766 Express / Downtown / Via W River Rd
T201,Richardson Park,Minneapolis,7:26am,6:37am,49.0,113.0,"Walk to 215 S 8th St, Minneapolis, MN 55402, USA"
T204,Foley Blvd,Minneapolis,7:41am,7:11am,30.0,144.0,Walk to Foley P&R Arrive & Evergreen Blvd
T204,Foley Blvd,Minneapolis,7:41am,7:11am,30.0,1500.0,Bus towards Southbound 850 Express / Foley P&R / Dntn Mpls
T204,Foley Blvd,Minneapolis,7:41am,7:11am,30.0,176.0,"Walk to 215 S 8th St, Minneapolis, MN 55402, USA"
T205,Hwy 61 & Co Rd C,Minneapolis,7:39am,6:52am,47.0,792.0,Walk to Hwy 61 & Beam Ave
T205,Hwy 61 & Co Rd C,Minneapolis,7:39am,6:52am,47.0,1860.0,Bus towards Westbound 270 Express / Minneapolis
T205,Hwy 61 & Co Rd C,Minneapolis,7:39am,6:52am,47.0,167.0,"Walk to 215 S 8th St, Minneapolis, MN 55402, USA"
T209,Hwy 7 & Vinehill Rd,Minneapolis,7:42am,6:51am,51.0,35.0,Walk to Delton Ave & Vine Hill Rd P&R
T209,Hwy 7 & Vinehill Rd,Minneapolis,7:42am,6:51am,51.0,3000.0,Bus towards Eastbound 670 Express/Dt Mpls
T209,Hwy 7 & Vinehill Rd,Minneapolis,7:42am,6:51am,51.0,7.0,"Walk to 215 S 8th St, Minneapolis, MN 55402, USA"
T210,65th Ave & Brooklyn Blvd,Minneapolis,7:43am,7:20am,23.0,20.0,Walk to Brooklyn Blvd P&R & 65th Ave N
T210,65th Ave & Brooklyn Blvd,Minneapolis,7:43am,7:20am,23.0,1200.0,Bus towards Southbound 760 Express / Downtown
T210,65th Ave & Brooklyn Blvd,Minneapolis,7:43am,7:20am,23.0,113.0,"Walk to 215 S 8th St, Minneapolis, MN 55402, USA"
T215,Crosswinds Methodist Church,Minneapolis,7:19am,6:46am,33.0,25.0,Walk to Crosswinds P&R & Weaver Lake Rd
T215,Crosswinds Methodist Church,Minneapolis,7:19am,6:46am,33.0,1800.0,Bus towards Southbound 783 Trip 3 / Maple Grove / To Mpls
T215,Crosswinds Methodist Church,Minneapolis,7:19am,6:46am,33.0,113.0,"Walk to 215 S 8th St, Minneapolis, MN 55402, USA"
T217,I-35W & 95th Ave,Minneapolis,7:41am,7:06am,35.0,76.0,Walk to 95th Ave P&R
T217,I-35W & 95th Ave,Minneapolis,7:41am,7:06am,35.0,1860.0,Bus towards Southbound 250 Express / Downtown
T217,I-35W & 95th Ave,Minneapolis,7:41am,7:06am,35.0,167.0,"Walk to 215 S 8th St, Minneapolis, MN 55402, USA"
T219,West St Paul Sports Complex,Minneapolis,7:44am,7:09am,35.0,97.0,Walk to Oakdale Ave & Wentworth Ave
T219,West St Paul Sports Complex,Minneapolis,7:44am,7:09am,35.0,1860.0,Bus towards Westbound 452 Express / Minneapolis
T219,West St Paul Sports Complex,Minneapolis,7:44am,7:09am,35.0,151.0,"Walk to 215 S 8th St, Minneapolis, MN 55402, USA"
T222,Woodbury Lutheran Church,Minneapolis,7:43am,6:50am,53.0,564.0,Walk to Woodbury Theatre & P&R - Leave
T222,Woodbury Lutheran Church,Minneapolis,7:43am,6:50am,53.0,2460.0,Bus towards Westbound 355 Express / Minneapolis
T222,Woodbury Lutheran Church,Minneapolis,7:43am,6:50am,53.0,151.0,"Walk to 215 S 8th St, Minneapolis, MN 55402, USA"
T223,St Croix Valley Recreation Center,Minneapolis,7:14am,6:01am,73.0,41.0,Walk to St Croix Rec Center & P&R Shelter
T223,St Croix Valley Recreation Center,Minneapolis,7:14am,6:01am,73.0,2220.0,Bus towards Westbound 294 Express / St Paul
T223,St Croix Valley Recreation Center,Minneapolis,7:14am,6:01am,73.0,1380.0,Bus towards Westbound 94 Express / Downtown / Minneapolis
T223,St Croix Valley Recreation Center,Minneapolis,7:14am,6:01am,73.0,151.0,"Walk to 215 S 8th St, Minneapolis, MN 55402, USA"
T228,Hwy 610 & Noble,Minneapolis,7:34am,7:00am,34.0,250.0,Walk to Hwy 610 Noble Pkwy P&R Arrive & 95th Ave N
T228,Hwy 610 & Noble,Minneapolis,7:34am,7:00am,34.0,1620.0,Bus towards Southbound 768 Express / Downtown
T228,Hwy 610 & Noble,Minneapolis,7:34am,7:00am,34.0,113.0,"Walk to 215 S 8th St, Minneapolis, MN 55402, USA"
T229,Woodbury Theatre,Minneapolis,7:43am,6:59am,44.0,40.0,Walk to Woodbury Theatre & P&R - Leave
T229,Woodbury Theatre,Minneapolis,7:43am,6:59am,44.0,2460.0,Bus towards Westbound 355 Express / Minneapolis
T229,Woodbury Theatre,Minneapolis,7:43am,6:59am,44.0,151.0,"Walk to 215 S 8th St, Minneapolis, MN 55402, USA"
T230,Preserve Village Mall,Minneapolis,7:40am,6:33am,67.0,606.0,Walk to Bloomington Ferry Rd & Veness Rd (Ensign)
T230,Preserve Village Mall,Minneapolis,7:40am,6:33am,67.0,3360.0,Bus towards Northbound 589 Express / Minneapolis
T230,Preserve Village Mall,Minneapolis,7:40am,6:33am,67.0,7.0,"Walk to 215 S 8th St, Minneapolis, MN 55402, USA"
T231,Coon Rapids/Riverdale Station,Minneapolis,7:44am,6:49am,55.0,128.0,Walk to Coon Rapids Riverdale Station & Gate C
T231,Coon Rapids/Riverdale Station,Minneapolis,7:44am,6:49am,55.0,960.0,Bus towards Southbound 860 Express/St Paul/Northtown
T231,Coon Rapids/Riverdale Station,Minneapolis,7:44am,6:49am,55.0,1680.0,Bus towards Southbound 854 Express / Downtown Mpls
T231,Coon Rapids/Riverdale Station,Minneapolis,7:44am,6:49am,55.0,176.0,"Walk to 215 S 8th St, Minneapolis, MN 55402, USA"
T232,Co Rd 42 & Huntington,Minneapolis,7:39am,6:59am,40.0,92.0,Walk to Savage Park & Ride
T232,Co Rd 42 & Huntington,Minneapolis,7:39am,6:59am,40.0,2280.0,Bus towards 464 Minneapolis
T232,Co Rd 42 & Huntington,Minneapolis,7:39am,6:59am,40.0,49.0,"Walk to 215 S 8th St, Minneapolis, MN 55402, USA"
T242,St. Philip's Park & Ride,Minneapolis,7:22am,6:44am,38.0,6.0,Walk to Cnty Rd 6 & St Philip P&R
T242,St. Philip's Park & Ride,Minneapolis,7:22am,6:44am,38.0,2160.0,Bus towards Eastbound 776 Olive Ln/Marquette & Washington
T242,St. Philip's Park & Ride,Minneapolis,7:22am,6:44am,38.0,87.0,"Walk to 215 S 8th St, Minneapolis, MN 55402, USA"
T244,Elk River Station,Minneapolis,7:38am,6:25am,73.0,177.0,Walk to Elk River Station - Platform
T244,Elk River Station,Minneapolis,7:38am,6:25am,73.0,1380.0,Train towards Southbound Northstar / Minneapolis / Target Field
T244,Elk River Station,Minneapolis,7:38am,6:25am,73.0,417.0,Walk to University Ave & 61st Ave NE
T244,Elk River Station,Minneapolis,7:38am,6:25am,73.0,1200.0,Bus towards Southbound 854 Express / Downtown Mpls
T244,Elk River Station,Minneapolis,7:38am,6:25am,73.0,176.0,"Walk to 215 S 8th St, Minneapolis, MN 55402, USA"
T245,Cottage Grove,Minneapolis,7:43am,6:47am,56.0,74.0,Walk to Cottage Grove & P&R - Arrive
T245,Cottage Grove,Minneapolis,7:43am,6:47am,56.0,3120.0,Bus towards Northbound 365 Express / Minneapolis
T245,Cottage Grove,Minneapolis,7:43am,6:47am,56.0,151.0,"Walk to 215 S 8th St, Minneapolis, MN 55402, USA"
T247,Maple Grove Transit Station,Minneapolis,7:44am,7:14am,30.0,19.0,Walk to Maple Grove Transit Station
T247,Maple Grove Transit Station,Minneapolis,7:44am,7:14am,30.0,1620.0,Bus towards Southbound 781 Trip 12 / Maple Grove / To Mpls
T247,Maple Grove Transit Station,Minneapolis,7:44am,7:14am,30.0,113.0,"Walk to 215 S 8th St, Minneapolis, MN 55402, USA"
T248,Walton Park,Minneapolis,7:14am,6:19am,55.0,55.0,Walk to Hadley Ave N & Upper 17th St N
T248,Walton Park,Minneapolis,7:14am,6:19am,55.0,1200.0,Bus towards Westbound 294 Express / St Paul
T248,Walton Park,Minneapolis,7:14am,6:19am,55.0,1380.0,Bus towards Westbound 94 Express / Downtown / Minneapolis
T248,Walton Park,Minneapolis,7:14am,6:19am,55.0,151.0,"Walk to 215 S 8th St, Minneapolis, MN 55402, USA"
T251,28th Ave Station,Minneapolis,7:40am,6:42am,58.0,120.0,Walk to 82nd St E & 28th Ave S
T251,28th Ave Station,Minneapolis,7:40am,6:42am,58.0,120.0,Bus towards Eastbound 539 98St / Mall of Amer
T251,28th Ave Station,Minneapolis,7:40am,6:42am,58.0,780.0,Bus towards Westbound 542A American / Norman Ctr
T251,28th Ave Station,Minneapolis,7:40am,6:42am,58.0,58.0,Walk to 76th St W & Knox Ave S
T251,28th Ave Station,Minneapolis,7:40am,6:42am,58.0,1560.0,Bus towards Northbound 535 Ltd Stop / Via 77St / Minneapolis
T251,28th Ave Station,Minneapolis,7:40am,6:42am,58.0,38.0,"Walk to 215 S 8th St, Minneapolis, MN 55402, USA"
T252,Ft Snelling Station North,Minneapolis,7:31am,6:28am,63.0,659.0,Walk to Veterans Dr & VA Medical Center Station
T252,Ft Snelling Station North,Minneapolis,7:31am,6:28am,63.0,3000.0,Bus towards Northbound 22C N Lyndale/Via Dupont-57/Brklyn Ctr T
T252,Ft Snelling Station North,Minneapolis,7:31am,6:28am,63.0,151.0,"Walk to 215 S 8th St, Minneapolis, MN 55402, USA"
T253,Ft Snelling Station South,Minneapolis,7:31am,6:19am,72.0,1198.0,Walk to Veterans Dr & VA Medical Center Station
T253,Ft Snelling Station South,Minneapolis,7:31am,6:19am,72.0,3000.0,Bus towards Northbound 22C N Lyndale/Via Dupont-57/Brklyn Ctr T
T253,Ft Snelling Station South,Minneapolis,7:31am,6:19am,72.0,151.0,"Walk to 215 S 8th St, Minneapolis, MN 55402, USA"
T256,Hwy 100 & Duluth,Minneapolis,7:29am,7:07am,22.0,68.0,Walk to MN Dot P&R & Lilac Dr
T256,Hwy 100 & Duluth,Minneapolis,7:29am,7:07am,22.0,900.0,Bus towards Southbound 758 Express / Downtown
T256,Hwy 100 & Duluth,Minneapolis,7:29am,7:07am,22.0,286.0,"Walk to 215 S 8th St, Minneapolis, MN 55402, USA"
T258,Heart of the City,Minneapolis,7:42am,7:10am,32.0,74.0,Walk to Pillsbury Av at Heart of the City P&R E corner
T258,Heart of the City,Minneapolis,7:42am,7:10am,32.0,1800.0,Bus towards 464 MINNEAPOLIS via HOC
T258,Heart of the City,Minneapolis,7:42am,7:10am,32.0,49.0,"Walk to 215 S 8th St, Minneapolis, MN 55402, USA"
T261,Knox Avenue at Best Buy,Minneapolis,7:40am,7:11am,29.0,107.0,Walk to Knox Ave S - Knox Ave P&R
T261,Knox Avenue at Best Buy,Minneapolis,7:40am,7:11am,29.0,1620.0,Bus towards Northbound 535 Ltd Stop / Via 77St / Minneapolis
T261,Knox Avenue at Best Buy,Minneapolis,7:40am,7:11am,29.0,38.0,"Walk to 215 S 8th St, Minneapolis, MN 55402, USA"
T262,Guardian Angels Catholic Church,Minneapolis,7:42am,7:02am,40.0,88.0,Walk to 3rd St N & Guardian Angels P&R
T262,Guardian Angels Catholic Church,Minneapolis,7:42am,7:02am,40.0,2160.0,Bus towards Westbound 375 Express / Minneapolis
T262,Guardian Angels Catholic Church,Minneapolis,7:42am,7:02am,40.0,151.0,"Walk to 215 S 8th St, Minneapolis, MN 55402, USA"
T266,Church of St. William,Minneapolis,7:44am,7:19am,25.0,123.0,Walk to University Ave & 61st Ave NE
T266,Church of St. William,Minneapolis,7:44am,7:19am,25.0,1200.0,Bus towards Southbound 854 Express / Downtown Mpls
T266,Church of St. William,Minneapolis,7:44am,7:19am,25.0,176.0,"Walk to 215 S 8th St, Minneapolis, MN 55402, USA"
T268,63rd Ave & Bottineau Blvd,Minneapolis,7:43am,6:58am,45.0,939.0,Walk to 63rd Ave N & Zane Ave N
T268,63rd Ave & Bottineau Blvd,Minneapolis,7:43am,6:58am,45.0,1620.0,Bus towards Southbound 760 Express / Downtown
T268,63rd Ave & Bottineau Blvd,Minneapolis,7:43am,6:58am,45.0,113.0,"Walk to 215 S 8th St, Minneapolis, MN 55402, USA"
T269,Hwy 252 & 66th Ave,Minneapolis,7:34am,7:09am,25.0,388.0,Walk to Hwy 252 & 66th Ave N
T269,Hwy 252 & 66th Ave,Minneapolis,7:34am,7:09am,25.0,960.0,Bus towards Southbound 768 Express / Downtown
T269,Hwy 252 & 66th Ave,Minneapolis,7:34am,7:09am,25.0,113.0,"Walk to 215 S 8th St, Minneapolis, MN 55402, USA"
T271,Grace Church,Minneapolis,7:35am,7:10am,25.0,21.0,Walk to Grace Church P&R
T271,Grace Church,Minneapolis,7:35am,7:10am,25.0,1320.0,Bus towards Southbound 261 Express / Dwtn Mpls
T271,Grace Church,Minneapolis,7:35am,7:10am,25.0,167.0,"Walk to 215 S 8th St, Minneapolis, MN 55402, USA"
T272,Skating Center,Minneapolis,7:35am,7:05am,30.0,39.0,Walk to Civic Center Dr & Skating Center P&R
T272,Skating Center,Minneapolis,7:35am,7:05am,30.0,1620.0,Bus towards Southbound 261 Express / Dwtn Mpls
T272,Skating Center,Minneapolis,7:35am,7:05am,30.0,167.0,"Walk to 215 S 8th St, Minneapolis, MN 55402, USA"
T278,Southbridge Crossing,Minneapolis,7:43am,6:56am,47.0,273.0,Walk to Southbridge Crossings Park & Ride
T278,Southbridge Crossing,Minneapolis,7:43am,6:56am,47.0,2520.0,Bus towards 490U Minneapolis/Shakopee/Univ of Minn
T278,Southbridge Crossing,Minneapolis,7:43am,6:56am,47.0,49.0,"Walk to 215 S 8th St, Minneapolis, MN 55402, USA"
T284,Ramsey Station,Minneapolis,7:38am,6:33am,65.0,26.0,Walk to Ramsey Station & Platform
T284,Ramsey Station,Minneapolis,7:38am,6:33am,65.0,1020.0,Train towards Southbound Northstar / Minneapolis / Target Field
T284,Ramsey Station,Minneapolis,7:38am,6:33am,65.0,417.0,Walk to University Ave & 61st Ave NE
T284,Ramsey Station,Minneapolis,7:38am,6:33am,65.0,1200.0,Bus towards Southbound 854 Express / Downtown Mpls
T284,Ramsey Station,Minneapolis,7:38am,6:33am,65.0,176.0,"Walk to 215 S 8th St, Minneapolis, MN 55402, USA"
T285,St Andrew Lutheran Church,Minneapolis,7:38am,7:05am,33.0,170.0,Walk to Technology Dr & St Andrew Lutheran
T285,St Andrew Lutheran Church,Minneapolis,7:38am,7:05am,33.0,1740.0,Bus towards Eastbound 690E Express/E Bd/ EP Loop/SW Sta/Mpls
T285,St Andrew Lutheran Church,Minneapolis,7:38am,7:05am,33.0,87.0,"Walk to 215 S 8th St, Minneapolis, MN 55402, USA"
T287,I-35 & Kenrick Ave,Minneapolis,7:39am,7:01am,38.0,54.0,Walk to Interstate 35 Ramp & Kenrick Ave P&R
T287,I-35 & Kenrick Ave,Minneapolis,7:39am,7:01am,38.0,2220.0,Bus towards Northbound 467 Express / Minneapolis
T287,I-35 & Kenrick Ave,Minneapolis,7:39am,7:01am,38.0,7.0,"Walk to 215 S 8th St, Minneapolis, MN 55402, USA"
T290,I-35W & Co Rd C,Minneapolis,7:30am,7:07am,23.0,27.0,Walk to I-35W / County Road C Park and Ride
T290,I-35W & Co Rd C,Minneapolis,7:30am,7:07am,23.0,1200.0,Bus towards Southbound 264C Express/35 Co Rd C P&R/Minneapolis
T290,I-35W & Co Rd C,Minneapolis,7:30am,7:07am,23.0,167.0,"Walk to 215 S 8th St, Minneapolis, MN 55402, USA"
T291,Nathan Lane,Minneapolis,7:39am,6:59am,40.0,90.0,Walk to 45th Ave N & Nathan Lane
T291,Nathan Lane,Minneapolis,7:39am,6:59am,40.0,2220.0,Bus towards Eastbound 790 Express / Nathan Ln / Downtown
T291,Nathan Lane,Minneapolis,7:39am,6:59am,40.0,87.0,"Walk to 215 S 8th St, Minneapolis, MN 55402, USA"
T292,SouthWest Village,Minneapolis,7:29am,6:52am,37.0,140.0,Walk to SouthWest Village P&R & Great Plains Blvd
T292,SouthWest Village,Minneapolis,7:29am,6:52am,37.0,1980.0,Bus towards Eastbound 699E Express/EB/E Crk/SW Vill/MPLS
T292,SouthWest Village,Minneapolis,7:29am,6:52am,37.0,87.0,"Walk to 215 S 8th St, Minneapolis, MN 55402, USA"
T293,Running Aces,Minneapolis,7:42am,6:53am,49.0,19.0,Walk to Running Aces P&R & Zurich / Lake
T293,Running Aces,Minneapolis,7:42am,6:53am,49.0,2760.0,Bus towards Southbound 288 Express / Minneapolis
T293,Running Aces,Minneapolis,7:42am,6:53am,49.0,167.0,"Walk to 215 S 8th St, Minneapolis, MN 55402, USA"
T294,Forest Lake Transit Center,Minneapolis,7:42am,6:40am,62.0,39.0,Walk to Transit Center & Forest Lake P&R
T294,Forest Lake Transit Center,Minneapolis,7:42am,6:40am,62.0,3540.0,Bus towards Southbound 288 Express / Minneapolis
T294,Forest Lake Transit Center,Minneapolis,7:42am,6:40am,62.0,167.0,"Walk to 215 S 8th St, Minneapolis, MN 55402, USA"
T297,East Creek Station,Minneapolis,7:29am,6:48am,41.0,69.0,Walk to East Creek Transit Station
T297,East Creek Station,Minneapolis,7:29am,6:48am,41.0,2280.0,Bus towards Eastbound 697 Express/E Bd/Carver/East Creek/Mpls
T297,East Creek Station,Minneapolis,7:29am,6:48am,41.0,87.0,"Walk to 215 S 8th St, Minneapolis, MN 55402, USA"
T298,Anoka Station,Minneapolis,7:41am,6:31am,70.0,1034.0,Walk to Main St & 3rd Ave
T298,Anoka Station,Minneapolis,7:41am,6:31am,70.0,3000.0,Bus towards Southbound 850 Express / Foley P&R / Dntn Mpls
T298,Anoka Station,Minneapolis,7:41am,6:31am,70.0,176.0,"Walk to 215 S 8th St, Minneapolis, MN 55402, USA"
T299,Fridley Station,Minneapolis,7:44am,7:14am,30.0,444.0,Walk to University Ave & 61st Ave NE
T299,Fridley Station,Minneapolis,7:44am,7:14am,30.0,1200.0,Bus towards Southbound 854 Express / Downtown Mpls
T299,Fridley Station,Minneapolis,7:44am,7:14am,30.0,176.0,"Walk to 215 S 8th St, Minneapolis, MN 55402, USA"
T300,Big Lake Station,Minneapolis,7:38am,6:16am,82.0,63.0,Walk to Big Lake Station & Platform
T300,Big Lake Station,Minneapolis,7:38am,6:16am,82.0,1980.0,Train towards Southbound Northstar / Minneapolis / Target Field
T300,Big Lake Station,Minneapolis,7:38am,6:16am,82.0,417.0,Walk to University Ave & 61st Ave NE
T300,Big Lake Station,Minneapolis,7:38am,6:16am,82.0,1200.0,Bus towards Southbound 854 Express / Downtown Mpls
T300,Big Lake Station,Minneapolis,7:38am,6:16am,82.0,176.0,"Walk to 215 S 8th St, Minneapolis, MN 55402, USA"
T301,Parkway Station,Minneapolis,7:37am,6:59am,38.0,52.0,Walk to Parkway Station - P&R
T301,Parkway Station,Minneapolis,7:37am,6:59am,38.0,2100.0,Bus towards Southbound 785 Trip 6/Maple Grove/To Mpls
T301,Parkway Station,Minneapolis,7:37am,6:59am,38.0,113.0,"Walk to 215 S 8th St, Minneapolis, MN 55402, USA"
T302,Hwy 36 & Rice St,Minneapolis,7:29am,6:57am,32.0,130.0,Walk to Hwy 36 & Rice St P&R & Shelter
T302,Hwy 36 & Rice St,Minneapolis,7:29am,6:57am,32.0,1620.0,Bus towards Southbound 263 Express / Dwtn Mpls
T302,Hwy 36 & Rice St,Minneapolis,7:29am,6:57am,32.0,167.0,"Walk to 215 S 8th St, Minneapolis, MN 55402, USA"
T303,Maple Plain,Minneapolis,7:44am,6:44am,60.0,129.0,Walk to Maple Plain P&R & Baker Park Rd
T303,Maple Plain,Minneapolis,7:44am,6:44am,60.0,3420.0,Bus towards Eastbound 674 Express / Downtown
T303,Maple Plain,Minneapolis,7:44am,6:44am,60.0,7.0,"Walk to 215 S 8th St, Minneapolis, MN 55402, USA"
T304,I-35E & County Road 14,Minneapolis,7:14am,6:00am,74.0,154.0,Walk to Interstate 35E Co Rd 14 P&R & 21st Ave N
T304,I-35E & County Road 14,Minneapolis,7:14am,6:00am,74.0,2160.0,Bus towards Southbound 275 Express / St Paul
T304,I-35E & County Road 14,Minneapolis,7:14am,6:00am,74.0,1380.0,Bus towards Westbound 94 Express / Downtown / Minneapolis
T304,I-35E & County Road 14,Minneapolis,7:14am,6:00am,74.0,151.0,"Walk to 215 S 8th St, Minneapolis, MN 55402, USA"
T305,I-35E & County Road E,Minneapolis,7:14am,6:16am,58.0,85.0,Walk to Interstate 35E Ramp & I-35E Co Rd E P&R
T305,I-35E & County Road E,Minneapolis,7:14am,6:16am,58.0,1260.0,Bus towards Southbound 275 Express / St Paul
T305,I-35E & County Road E,Minneapolis,7:14am,6:16am,58.0,1380.0,Bus towards Westbound 94 Express / Downtown / Minneapolis
T305,I-35E & County Road E,Minneapolis,7:14am,6:16am,58.0,151.0,"Walk to 215 S 8th St, Minneapolis, MN 55402, USA"
T306,Chanhassen Transit Station,Minneapolis,7:32am,6:53am,39.0,120.0,Walk to Chanhassen Transit Station & P&R
T306,Chanhassen Transit Station,Minneapolis,7:32am,6:53am,39.0,2160.0,Bus towards Eastbound 692 Express/E Bd/Minneapolis
T306,Chanhassen Transit Station,Minneapolis,7:32am,6:53am,39.0,87.0,"Walk to 215 S 8th St, Minneapolis, MN 55402, USA"
T309,Hopkins Park-and-Ride,Minneapolis,7:42am,7:13am,29.0,74.0,Walk to Excelsior Blvd & 8th Ave P&R
T309,Hopkins Park-and-Ride,Minneapolis,7:42am,7:13am,29.0,1620.0,Bus towards Eastbound 670 Express/Dt Mpls
T309,Hopkins Park-and-Ride,Minneapolis,7:42am,7:13am,29.0,7.0,"Walk to 215 S 8th St, Minneapolis, MN 55402, USA"
T312,Carver Station,Minneapolis,7:29am,6:40am,49.0,35.0,Walk to Carver P&R & Ironwood Dr Jonathan Carver
T312,Carver Station,Minneapolis,7:29am,6:40am,49.0,2820.0,Bus towards Eastbound 697 Express/E Bd/Carver/East Creek/Mpls
T312,Carver Station,Minneapolis,7:29am,6:40am,49.0,87.0,"Walk to 215 S 8th St, Minneapolis, MN 55402, USA"
T313,Newport Transit Station,Minneapolis,7:43am,6:54am,49.0,534.0,Walk to Newport Transit Station - P&R
T313,Newport Transit Station,Minneapolis,7:43am,6:54am,49.0,2280.0,Bus towards Northbound 365 Express / Minneapolis
T313,Newport Transit Station,Minneapolis,7:43am,6:54am,49.0,151.0,"Walk to 215 S 8th St, Minneapolis, MN 55402, USA"
T315,Paul Parkway,Minneapolis,7:28am,6:51am,37.0,2100.0,Bus towards Southbound 865 Express / Downtown
T315,Paul Parkway,Minneapolis,7:28am,6:51am,37.0,150.0,"Walk to 215 S 8th St, Minneapolis, MN 55402, USA"
T316,Marschall Road Transit Station,Minneapolis,7:36am,6:40am,56.0,217.0,Walk to The Marschall Road Transit Station
T316,Marschall Road Transit Station,Minneapolis,7:36am,6:40am,56.0,3120.0,Bus towards 493 Minneapolis
T316,Marschall Road Transit Station,Minneapolis,7:36am,6:40am,56.0,49.0,"Walk to 215 S 8th St, Minneapolis, MN 55402, USA"
T317,Dunkirk Park & Ride,Minneapolis,7:25am,6:45am,40.0,10.0,Walk to Dunkirk Ln P&R - Plymouth Presbyterian
T317,Dunkirk Park & Ride,Minneapolis,7:25am,6:45am,40.0,2220.0,Bus towards Eastbound 774 EB/Dunkirk/Sta 73/East/DTWN/UofM
T317,Dunkirk Park & Ride,Minneapolis,7:25am,6:45am,40.0,87.0,"Walk to 215 S 8th St, Minneapolis, MN 55402, USA"
T318,Carmike Cinema,Minneapolis,7:41am,6:57am,44.0,359.0,Walk to Apple Valley Transitway Station NB
T318,Carmike Cinema,Minneapolis,7:41am,6:57am,44.0,2280.0,Bus towards 477 Minneapolis
T318,Carmike Cinema,Minneapolis,7:41am,6:57am,44.0,49.0,"Walk to 215 S 8th St, Minneapolis, MN 55402, USA"
T534,Becker Municipal Lot,Minneapolis,7:14am,5:19am,115.0,18.0,Walk to Becker P&R & Willow St
T534,Becker Municipal Lot,Minneapolis,7:14am,5:19am,115.0,1200.0,Bus towards Southbound 887 Northstar Link/Big Lake/ResourceCtr
T534,Becker Municipal Lot,Minneapolis,7:14am,5:19am,115.0,33.0,Walk to Big Lake Station & Platform
T534,Becker Municipal Lot,Minneapolis,7:14am,5:19am,115.0,1500.0,Train towards Southbound Northstar / Minneapolis / Target Field
T534,Becker Municipal Lot,Minneapolis,7:14am,5:19am,115.0,17.0,Walk to Coon Rapids Riverdale Station & Gate A
T534,Becker Municipal Lot,Minneapolis,7:14am,5:19am,115.0,3180.0,Bus towards Southbound 850 Express / Foley P&R / Dntn Mpls
T534,Becker Municipal Lot,Minneapolis,7:14am,5:19am,115.0,176.0,"Walk to 215 S 8th St, Minneapolis, MN 55402, USA"
T564,Northstar Link Lot,Minneapolis,7:14am,5:00am,134.0,2400.0,Bus towards Southbound 887 Northstar Link/Big Lake/ResourceCtr
T564,Northstar Link Lot,Minneapolis,7:14am,5:00am,134.0,33.0,Walk to Big Lake Station & Platform
T564,Northstar Link Lot,Minneapolis,7:14am,5:00am,134.0,1500.0,Train towards Southbound Northstar / Minneapolis / Target Field
T564,Northstar Link Lot,Minneapolis,7:14am,5:00am,134.0,17.0,Walk to Coon Rapids Riverdale Station & Gate A
T564,Northstar Link Lot,Minneapolis,7:14am,5:00am,134.0,3180.0,Bus towards Southbound 850 Express / Foley P&R / Dntn Mpls
T564,Northstar Link Lot,Minneapolis,7:14am,5:00am,134.0,176.0,"Walk to 215 S 8th St, Minneapolis, MN 55402, USA"
T701,Maplewood Mall Transit Center,Minneapolis,7:39am,7:02am,37.0,60.0,Walk to Maplewood Mall Transit Center & Gate B
T701,Maplewood Mall Transit Center,Minneapolis,7:39am,7:02am,37.0,1980.0,Bus towards Westbound 270 Express / Minneapolis
T701,Maplewood Mall Transit Center,Minneapolis,7:39am,7:02am,37.0,167.0,"Walk to 215 S 8th St, Minneapolis, MN 55402, USA"
T703,Northtown Transit Center,Minneapolis,7:44am,7:14am,30.0,1680.0,Bus towards Southbound 854 Express / Downtown Mpls
T703,Northtown Transit Center,Minneapolis,7:44am,7:14am,30.0,176.0,"Walk to 215 S 8th St, Minneapolis, MN 55402, USA"
T704,Louisiana Ave Transit Center,Minneapolis,7:38am,7:14am,24.0,85.0,Walk to Interstate 394 Exit & Louisiana Transit A Bay
T704,Louisiana Ave Transit Center,Minneapolis,7:38am,7:14am,24.0,1260.0,Bus towards Eastbound 645 Ltd Stop / Minneapolis
T704,Louisiana Ave Transit Center,Minneapolis,7:38am,7:14am,24.0,7.0,"Walk to 215 S 8th St, Minneapolis, MN 55402, USA"
T705,Plymouth Road Park & Ride,Minneapolis,7:15am,6:51am,24.0,61.0,Walk to Wayzata Blvd N & Morries Auto
T705,Plymouth Road Park & Ride,Minneapolis,7:15am,6:51am,24.0,1320.0,Bus towards Eastbound 672 Express / Downtown
T705,Plymouth Road Park & Ride,Minneapolis,7:15am,6:51am,24.0,7.0,"Walk to 215 S 8th St, Minneapolis, MN 55402, USA"
T706,Southdale Transit Center,Minneapolis,7:33am,7:04am,29.0,29.0,Walk to Southdale Transit Center & Gate C
T706,Southdale Transit Center,Minneapolis,7:33am,7:04am,29.0,1680.0,Bus towards Northbound 578 Express / Downtown
T706,Southdale Transit Center,Minneapolis,7:33am,7:04am,29.0,38.0,"Walk to 215 S 8th St, Minneapolis, MN 55402, USA"
T707,South Bloomington Transit Center,Minneapolis,7:36am,7:11am,25.0,1500.0,Bus towards Northbound 597 Express / Minneapolis
T707,South Bloomington Transit Center,Minneapolis,7:36am,7:11am,25.0,38.0,"Walk to 215 S 8th St, Minneapolis, MN 55402, USA"
T710,Burnsville Transit Station,Minneapolis,7:43am,7:17am,26.0,57.0,Walk to Burnsville Transit Station
T710,Burnsville Transit Station,Minneapolis,7:43am,7:17am,26.0,1500.0,Bus towards 460 Minneapolis
T710,Burnsville Transit Station,Minneapolis,7:43am,7:17am,26.0,49.0,"Walk to 215 S 8th St, Minneapolis, MN 55402, USA"
T711,Eagan Transit Station,Minneapolis,7:44am,7:07am,37.0,46.0,Walk to Eagan Transit Station
T711,Eagan Transit Station,Minneapolis,7:44am,7:07am,37.0,2160.0,Bus towards 470 Minneapolis
T711,Eagan Transit Station,Minneapolis,7:44am,7:07am,37.0,49.0,"Walk to 215 S 8th St, Minneapolis, MN 55402, USA"
T712,Apple Valley Transit Station,Minneapolis,7:41am,6:59am,42.0,240.0,Walk to Apple Valley Transitway Station NB
T712,Apple Valley Transit Station,Minneapolis,7:41am,6:59am,42.0,2280.0,Bus towards 477 Minneapolis
T712,Apple Valley Transit Station,Minneapolis,7:41am,6:59am,42.0,49.0,"Walk to 215 S 8th St, Minneapolis, MN 55402, USA"
T713,SouthWest Station,Minneapolis,7:44am,7:13am,31.0,91.0,Walk to SW Station P&R & Technology Dr
T713,SouthWest Station,Minneapolis,7:44am,7:13am,31.0,1680.0,Bus towards Eastbound 690 Express / E Bd / Minneapolis
T713,SouthWest Station,Minneapolis,7:44am,7:13am,31.0,87.0,"Walk to 215 S 8th St, Minneapolis, MN 55402, USA"
T714,Station 73,Minneapolis,7:42am,7:17am,25.0,1440.0,Bus towards Eastbound 772 Express / Metrolink / Downtown
T714,Station 73,Minneapolis,7:42am,7:17am,25.0,87.0,"Walk to 215 S 8th St, Minneapolis, MN 55402, USA"
T010,Como & Eustis,St Paul,7:38am,7:02am,36.0,89.0,Walk to Como Ave & Eustis St
T010,Como & Eustis,St Paul,7:38am,7:02am,36.0,1860.0,Bus towards Eastbound 3B Como Av/St Paul - Depot/Via Front
T010,Como & Eustis,St Paul,7:38am,7:02am,36.0,238.0,"Walk to St Paul, MN 55101, USA"
T028,Normandale Village,St Paul,7:43am,6:32am,71.0,21.0,Walk to Normandale Village & P&R
T028,Normandale Village,St Paul,7:43am,6:32am,71.0,2280.0,Bus towards Northbound 589 Express / Minneapolis
T028,Normandale Village,St Paul,7:43am,6:32am,71.0,85.0,Walk to 6th St S & 2nd Ave / 3rd Ave S
T028,Normandale Village,St Paul,7:43am,6:32am,71.0,1260.0,Bus towards Eastbound 94D Express / Dwtn St Paul / Union Depot
T028,Normandale Village,St Paul,7:43am,6:32am,71.0,133.0,"Walk to St Paul, MN 55101, USA"
T032,St. Edward's Catholic Church,St Paul,7:43am,6:37am,66.0,20.0,Walk to 94th St W & St Edward Church P&R
T032,St. Edward's Catholic Church,St Paul,7:43am,6:37am,66.0,1980.0,Bus towards Northbound 589 Express / Minneapolis
T032,St. Edward's Catholic Church,St Paul,7:43am,6:37am,66.0,85.0,Walk to 6th St S & 2nd Ave / 3rd Ave S
T032,St. Edward's Catholic Church,St Paul,7:43am,6:37am,66.0,1260.0,Bus towards Eastbound 94D Express / Dwtn St Paul / Union Depot
T032,St. Edward's Catholic Church,St Paul,7:43am,6:37am,66.0,133.0,"Walk to St Paul, MN 55101, USA"
T040,Co Rd 73 & I-394 South,St Paul,7:37am,6:40am,57.0,204.0,Walk to Co Rd 73 P&R & A Bay
T040,Co Rd 73 & I-394 South,St Paul,7:37am,6:40am,57.0,1200.0,Bus towards Eastbound 673 Express / Downtown
T040,Co Rd 73 & I-394 South,St Paul,7:37am,6:40am,57.0,85.0,Walk to 6th St S & 2nd Ave / 3rd Ave S
T040,Co Rd 73 & I-394 South,St Paul,7:37am,6:40am,57.0,1260.0,Bus towards Eastbound 94D Express / Dwtn St Paul / Union Depot
T040,Co Rd 73 & I-394 South,St Paul,7:37am,6:40am,57.0,133.0,"Walk to St Paul, MN 55101, USA"
T042,Minnetonka Blvd & Baker Rd,St Paul,7:43am,6:41am,62.0,84.0,Walk to Minnetonka Blvd & Baker Rd (Co Rd 60)
T042,Minnetonka Blvd & Baker Rd,St Paul,7:43am,6:41am,62.0,1620.0,Bus towards Eastbound 671 Express / Downtown
T042,Minnetonka Blvd & Baker Rd,St Paul,7:43am,6:41am,62.0,85.0,Walk to 6th St S & 2nd Ave / 3rd Ave S
T042,Minnetonka Blvd & Baker Rd,St Paul,7:43am,6:41am,62.0,1260.0,Bus towards Eastbound 94D Express / Dwtn St Paul / Union Depot
T042,Minnetonka Blvd & Baker Rd,St Paul,7:43am,6:41am,62.0,133.0,"Walk to St Paul, MN 55101, USA"
T043,Minnetonka Blvd & Steele St,St Paul,7:43am,6:38am,65.0,29.0,Walk to Minnetonka Blvd & Steele St P&R
T043,Minnetonka Blvd & Steele St,St Paul,7:43am,6:38am,65.0,1860.0,Bus towards Eastbound 671 Express / Downtown
T043,Minnetonka Blvd & Steele St,St Paul,7:43am,6:38am,65.0,85.0,Walk to 6th St S & 2nd Ave / 3rd Ave S
T043,Minnetonka Blvd & Steele St,St Paul,7:43am,6:38am,65.0,1260.0,Bus towards Eastbound 94D Express / Dwtn St Paul / Union Depot
T043,Minnetonka Blvd & Steele St,St Paul,7:43am,6:38am,65.0,133.0,"Walk to St Paul, MN 55101, USA"
T057,Excelsior City Hall,St Paul,7:43am,6:22am,81.0,119.0,Walk to Water St & 2nd St
T057,Excelsior City Hall,St Paul,7:43am,6:22am,81.0,2760.0,Bus towards Eastbound 671 Express / Downtown
T057,Excelsior City Hall,St Paul,7:43am,6:22am,81.0,85.0,Walk to 6th St S & 2nd Ave / 3rd Ave S
T057,Excelsior City Hall,St Paul,7:43am,6:22am,81.0,1260.0,Bus towards Eastbound 94D Express / Dwtn St Paul / Union Depot
T057,Excelsior City Hall,St Paul,7:43am,6:22am,81.0,133.0,"Walk to St Paul, MN 55101, USA"
T081,Westwood Lutheran Church,St Paul,7:43am,6:48am,55.0,8.0,Walk to Cedar Lake Rd & Westwood Church P&R
T081,Westwood Lutheran Church,St Paul,7:43am,6:48am,55.0,1440.0,Bus towards Eastbound 663 Express / Downtown
T081,Westwood Lutheran Church,St Paul,7:43am,6:48am,55.0,1260.0,Bus towards Eastbound 94D Express / Dwtn St Paul / Union Depot
T081,Westwood Lutheran Church,St Paul,7:43am,6:48am,55.0,133.0,"Walk to St Paul, MN 55101, USA"
T082,Little Canada Municipal Lot,St Paul,7:43am,7:13am,30.0,23.0,Walk to Little Canada Rd & McMenemy St
T082,Little Canada Municipal Lot,St Paul,7:43am,7:13am,30.0,1740.0,Bus towards Southbound 71A Downtown / Chester St
T082,Little Canada Municipal Lot,St Paul,7:43am,7:13am,30.0,34.0,"Walk to St Paul, MN 55101, USA"
T098,Salem Covenant Church,St Paul,7:43am,6:44am,59.0,19.0,Walk to Silver Lake Rd & 5th St NW
T098,Salem Covenant Church,St Paul,7:43am,6:44am,59.0,1500.0,Bus towards Southbound 825 Ltd Stop / Downtown
T098,Salem Covenant Church,St Paul,7:43am,6:44am,59.0,301.0,Walk to 6th St S & 2nd Ave / 3rd Ave S
T098,Salem Covenant Church,St Paul,7:43am,6:44am,59.0,1260.0,Bus towards Eastbound 94D Express / Dwtn St Paul / Union Depot
T098,Salem Covenant Church,St Paul,7:43am,6:44am,59.0,133.0,"Walk to St Paul, MN 55101, USA"
T110,Faith-Lilac Way Lutheran Church,St Paul,7:37am,6:24am,73.0,769.0,Walk to Robbinsdale Transit Center & Gate B
T110,Faith-Lilac Way Lutheran Church,St Paul,7:37am,6:24am,73.0,1860.0,Bus towards Southbound 14E Bloomington / 38St Sta / Via France
T110,Faith-Lilac Way Lutheran Church,St Paul,7:37am,6:24am,73.0,1260.0,Bus towards Eastbound 94D Express / Dwtn St Paul / Union Depot
T110,Faith-Lilac Way Lutheran Church,St Paul,7:37am,6:24am,73.0,133.0,"Walk to St Paul, MN 55101, USA"
T114,Navarre Center,St Paul,7:37am,6:35am,62.0,81.0,Walk to Shoreline Dr (Co Rd 15) & #3465
T114,Navarre Center,St Paul,7:37am,6:35am,62.0,1920.0,Bus towards Eastbound 677 Express/Minneapolis/Hwy 12 Bypass
T114,Navarre Center,St Paul,7:37am,6:35am,62.0,85.0,Walk to 6th St S & 2nd Ave / 3rd Ave S
T114,Navarre Center,St Paul,7:37am,6:35am,62.0,1260.0,Bus towards Eastbound 94D Express / Dwtn St Paul / Union Depot
T114,Navarre Center,St Paul,7:37am,6:35am,62.0,133.0,"Walk to St Paul, MN 55101, USA"
T130,Wayzata Blvd & Barry Ave,St Paul,7:43am,6:47am,56.0,38.0,Walk to Wayzata Blvd P&R & Gate B
T130,Wayzata Blvd & Barry Ave,St Paul,7:43am,6:47am,56.0,1560.0,Bus towards Eastbound 674 Express / Downtown
T130,Wayzata Blvd & Barry Ave,St Paul,7:43am,6:47am,56.0,85.0,Walk to 6th St S & 2nd Ave / 3rd Ave S
T130,Wayzata Blvd & Barry Ave,St Paul,7:43am,6:47am,56.0,1260.0,Bus towards Eastbound 94D Express / Dwtn St Paul / Union Depot
T130,Wayzata Blvd & Barry Ave,St Paul,7:43am,6:47am,56.0,133.0,"Walk to St Paul, MN 55101, USA"
T140,Mermaid Supper Club,St Paul,7:39am,7:05am,34.0,238.0,Walk to Co Rd H P&R & Mounds View Blvd / I-35W
T140,Mermaid Supper Club,St Paul,7:39am,7:05am,34.0,1800.0,Bus towards Southbound 860 Express/St Paul/Northtown
T140,Mermaid Supper Club,St Paul,7:39am,7:05am,34.0,59.0,"Walk to St Paul, MN 55101, USA"
T142,West River Rd & 117th Ave,St Paul,7:43am,6:32am,71.0,102.0,Walk to West River Rd & 117th Ave P&R
T142,West River Rd & 117th Ave,St Paul,7:43am,6:32am,71.0,2220.0,Bus towards Southbound 766 Downtown / Cartway Rd / Noble-97Av
T142,West River Rd & 117th Ave,St Paul,7:43am,6:32am,71.0,102.0,Walk to 6th St S & Nicollet Mall
T142,West River Rd & 117th Ave,St Paul,7:43am,6:32am,71.0,1380.0,Bus towards Eastbound 94D Express / Dwtn St Paul / Union Depot
T142,West River Rd & 117th Ave,St Paul,7:43am,6:32am,71.0,133.0,"Walk to St Paul, MN 55101, USA"
T143,Zachary Square,St Paul,7:26am,6:20am,66.0,1740.0,Bus towards Southbound 782 Trip 2 / Maple Grove / To Mpls
T143,Zachary Square,St Paul,7:26am,6:20am,66.0,102.0,Walk to 6th St S & Nicollet Mall
T143,Zachary Square,St Paul,7:26am,6:20am,66.0,1380.0,Bus towards Eastbound 94F Express / Dwtn St Paul / River Plaza
T143,Zachary Square,St Paul,7:26am,6:20am,66.0,133.0,"Walk to St Paul, MN 55101, USA"
T145,Christ Episcopal Church,St Paul,7:38am,7:16am,22.0,113.0,Walk to Woodbury Lutheran & P&R - Arrive
T145,Christ Episcopal Church,St Paul,7:38am,7:16am,22.0,1200.0,Bus towards Westbound 351 Express / St Paul
T145,Christ Episcopal Church,St Paul,7:38am,7:16am,22.0,59.0,"Walk to St Paul, MN 55101, USA"
T152,Blackhawk,St Paul,7:36am,7:00am,36.0,35.0,Walk to Blackhawk Park & Ride
T152,Blackhawk,St Paul,7:36am,7:00am,36.0,1980.0,Bus towards 480 St Paul
T152,Blackhawk,St Paul,7:36am,7:00am,36.0,133.0,"Walk to St Paul, MN 55101, USA"
T155,Church of Nazarene,St Paul,7:43am,6:51am,52.0,195.0,Walk to Hwy 252 & 73rd Ave N
T155,Church of Nazarene,St Paul,7:43am,6:51am,52.0,900.0,Bus towards Southbound 768 Express / Downtown
T155,Church of Nazarene,St Paul,7:43am,6:51am,52.0,102.0,Walk to 6th St S & Nicollet Mall
T155,Church of Nazarene,St Paul,7:43am,6:51am,52.0,1380.0,Bus towards Eastbound 94D Express / Dwtn St Paul / Union Depot
T155,Church of Nazarene,St Paul,7:43am,6:51am,52.0,133.0,"Walk to St Paul, MN 55101, USA"
T158,Hwy 7 & Texas Ave,St Paul,7:43am,6:38am,65.0,207.0,Walk to Texas Ave S & Walker St (36th St)
T158,Hwy 7 & Texas Ave,St Paul,7:43am,6:38am,65.0,480.0,Bus towards Eastbound 17W Wash St NE / To 27th NE
T158,Hwy 7 & Texas Ave,St Paul,7:43am,6:38am,65.0,1020.0,Bus towards Eastbound 667 Express / Downtown
T158,Hwy 7 & Texas Ave,St Paul,7:43am,6:38am,65.0,85.0,Walk to 6th St S & 2nd Ave / 3rd Ave S
T158,Hwy 7 & Texas Ave,St Paul,7:43am,6:38am,65.0,1260.0,Bus towards Eastbound 94D Express / Dwtn St Paul / Union Depot
T158,Hwy 7 & Texas Ave,St Paul,7:43am,6:38am,65.0,133.0,"Walk to St Paul, MN 55101, USA"
T161,I-35W & Co Rd H,St Paul,7:39am,7:09am,30.0,1800.0,Bus towards Southbound 860 Express/St Paul/Northtown
T161,I-35W & Co Rd H,St Paul,7:39am,7:09am,30.0,59.0,"Walk to St Paul, MN 55101, USA"
T173,Hwy 61 & Lower Afton Rd,St Paul,7:37am,7:17am,20.0,200.0,Walk to Hwy 61 & Lower Afton P&R
T173,Hwy 61 & Lower Afton Rd,St Paul,7:37am,7:17am,20.0,900.0,Bus towards Northbound 361B Express / St Paul
T173,Hwy 61 & Lower Afton Rd,St Paul,7:37am,7:17am,20.0,59.0,"Walk to St Paul, MN 55101, USA"
T177,Shepherd of the Grove Church,St Paul,7:43am,6:42am,61.0,68.0,Walk to Eagle Lake Rd & Shepherd of the Grove P&R
T177,Shepherd of the Grove Church,St Paul,7:43am,6:42am,61.0,1500.0,Bus towards Southbound 780 Trip 2/Maple Grove/To Mpls
T177,Shepherd of the Grove Church,St Paul,7:43am,6:42am,61.0,102.0,Walk to 6th St S & Nicollet Mall
T177,Shepherd of the Grove Church,St Paul,7:43am,6:42am,61.0,1380.0,Bus towards Eastbound 94D Express / Dwtn St Paul / Union Depot
T177,Shepherd of the Grove Church,St Paul,7:43am,6:42am,61.0,133.0,"Walk to St Paul, MN 55101, USA"
T180,General Mills Blvd & I-394,St Paul,7:37am,6:41am,56.0,30.0,Walk to Interstate 394 En & Gen Mills Blvd P&R
T180,General Mills Blvd & I-394,St Paul,7:37am,6:41am,56.0,1440.0,Bus towards Eastbound 645 Ltd Stop / Minneapolis
T180,General Mills Blvd & I-394,St Paul,7:37am,6:41am,56.0,85.0,Walk to 6th St S & 2nd Ave / 3rd Ave S
T180,General Mills Blvd & I-394,St Paul,7:37am,6:41am,56.0,1260.0,Bus towards Eastbound 94D Express / Dwtn St Paul / Union Depot
T180,General Mills Blvd & I-394,St Paul,7:37am,6:41am,56.0,133.0,"Walk to St Paul, MN 55101, USA"
T187,St. Joseph's Church,St Paul,7:37am,6:25am,72.0,26.0,Walk to St Josephs P&R & #171 Elm St
T187,St. Joseph's Church,St Paul,7:37am,6:25am,72.0,2340.0,Bus towards Southbound 250 Express / Downtown
T187,St. Joseph's Church,St Paul,7:37am,6:25am,72.0,443.0,Walk to 6th St S & 11th Ave S
T187,St. Joseph's Church,St Paul,7:37am,6:25am,72.0,960.0,Bus towards Eastbound 94D Express / Dwtn St Paul / Union Depot
T187,St. Joseph's Church,St Paul,7:37am,6:25am,72.0,133.0,"Walk to St Paul, MN 55101, USA"
T191,Shoreview Community Center,St Paul,7:44am,6:55am,49.0,142.0,Walk to Shoreview Community Center & Victoria Dr
T191,Shoreview Community Center,St Paul,7:44am,6:55am,49.0,360.0,Bus towards Southbound 62D Smith Av/ Signal Hills / Thompson
T191,Shoreview Community Center,St Paul,7:44am,6:55am,49.0,1860.0,Bus towards Southbound 262 Ltd Stop / DT ST Paul / Union Depot
T191,Shoreview Community Center,St Paul,7:44am,6:55am,49.0,238.0,"Walk to St Paul, MN 55101, USA"
T195,Park Place & I-394,St Paul,7:37am,6:47am,50.0,100.0,Walk to Wayzata Blvd S & Park Place Blvd
T195,Park Place & I-394,St Paul,7:37am,6:47am,50.0,960.0,Bus towards Eastbound 645 Ltd Stop / Minneapolis
T195,Park Place & I-394,St Paul,7:37am,6:47am,50.0,85.0,Walk to 6th St S & 2nd Ave / 3rd Ave S
T195,Park Place & I-394,St Paul,7:37am,6:47am,50.0,1260.0,Bus towards Eastbound 94D Express / Dwtn St Paul / Union Depot
T195,Park Place & I-394,St Paul,7:37am,6:47am,50.0,133.0,"Walk to St Paul, MN 55101, USA"
T198,Palomino Hills,St Paul,7:26am,6:51am,35.0,4.0,Walk to Pennock Av at Palomino Hills E corner
T198,Palomino Hills,St Paul,7:26am,6:51am,35.0,1920.0,Bus towards 480 St Paul
T198,Palomino Hills,St Paul,7:26am,6:51am,35.0,133.0,"Walk to St Paul, MN 55101, USA"
T199,St. Luke's Lutheran Church,St Paul,7:43am,6:38am,65.0,143.0,Walk to Old Shakopee Rd & St Lukes P&R
T199,St. Luke's Lutheran Church,St Paul,7:43am,6:38am,65.0,1740.0,Bus towards Northbound 597 Express / Minneapolis
T199,St. Luke's Lutheran Church,St Paul,7:43am,6:38am,65.0,117.0,Walk to 6th St S & 2nd Ave / 3rd Ave S
T199,St. Luke's Lutheran Church,St Paul,7:43am,6:38am,65.0,1260.0,Bus towards Eastbound 94D Express / Dwtn St Paul / Union Depot
T199,St. Luke's Lutheran Church,St Paul,7:43am,6:38am,65.0,133.0,"Walk to St Paul, MN 55101, USA"
T201,Richardson Park,St Paul,7:43am,6:18am,85.0,3180.0,Bus towards Southbound 766 Downtown / Cartway Rd / Noble-97Av
T201,Richardson Park,St Paul,7:43am,6:18am,85.0,102.0,Walk to 6th St S & Nicollet Mall
T201,Richardson Park,St Paul,7:43am,6:18am,85.0,1380.0,Bus towards Eastbound 94D Express / Dwtn St Paul / Union Depot
T201,Richardson Park,St Paul,7:43am,6:18am,85.0,133.0,"Walk to St Paul, MN 55101, USA"
T204,Foley Blvd,St Paul,7:43am,6:45am,58.0,144.0,Walk to Foley P&R Arrive & Evergreen Blvd
T204,Foley Blvd,St Paul,7:43am,6:45am,58.0,1200.0,Bus towards Southbound 850 Express / Foley P&R / Dntn Mpls
T204,Foley Blvd,St Paul,7:43am,6:45am,58.0,198.0,Walk to 6th St S & Nicollet Mall
T204,Foley Blvd,St Paul,7:43am,6:45am,58.0,1380.0,Bus towards Eastbound 94D Express / Dwtn St Paul / Union Depot
T204,Foley Blvd,St Paul,7:43am,6:45am,58.0,133.0,"Walk to St Paul, MN 55101, USA"
T205,Hwy 61 & Co Rd C,St Paul,7:14am,6:55am,19.0,226.0,Walk to Hwy 61 & Co Rd C P&R
T205,Hwy 61 & Co Rd C,St Paul,7:14am,6:55am,19.0,900.0,Bus towards Southbound 265 Express / St Paul
T205,Hwy 61 & Co Rd C,St Paul,7:14am,6:55am,19.0,59.0,"Walk to St Paul, MN 55101, USA"
T209,Hwy 7 & Vinehill Rd,St Paul,7:43am,6:21am,82.0,35.0,Walk to Delton Ave & Vine Hill Rd P&R
T209,Hwy 7 & Vinehill Rd,St Paul,7:43am,6:21am,82.0,2940.0,Bus towards Eastbound 670 Express/Dt Mpls
T209,Hwy 7 & Vinehill Rd,St Paul,7:43am,6:21am,82.0,85.0,Walk to 6th St S & 2nd Ave / 3rd Ave S
T209,Hwy 7 & Vinehill Rd,St Paul,7:43am,6:21am,82.0,1260.0,Bus towards Eastbound 94D Express / Dwtn St Paul / Union Depot
T209,Hwy 7 & Vinehill Rd,St Paul,7:43am,6:21am,82.0,133.0,"Walk to St Paul, MN 55101, USA"
T210,65th Ave & Brooklyn Blvd,St Paul,7:15am,6:25am,50.0,20.0,Walk to Brooklyn Blvd P&R & 65th Ave N
T210,65th Ave & Brooklyn Blvd,St Paul,7:15am,6:25am,50.0,1080.0,Bus towards Southbound 760 Express / Downtown
T210,65th Ave & Brooklyn Blvd,St Paul,7:15am,6:25am,50.0,102.0,Walk to 6th St S & Nicollet Mall
T210,65th Ave & Brooklyn Blvd,St Paul,7:15am,6:25am,50.0,1380.0,Bus towards Eastbound 94D Express / Dwtn St Paul / Union Depot
T210,65th Ave & Brooklyn Blvd,St Paul,7:15am,6:25am,50.0,133.0,"Walk to St Paul, MN 55101, USA"
T215,Crosswinds Methodist Church,St Paul,7:26am,6:18am,68.0,25.0,Walk to Crosswinds P&R & Weaver Lake Rd
T215,Crosswinds Methodist Church,St Paul,7:26am,6:18am,68.0,1560.0,Bus towards Southbound 783 Trip 2 / Maple Grove / To Mpls
T215,Crosswinds Methodist Church,St Paul,7:26am,6:18am,68.0,102.0,Walk to 6th St S & Nicollet Mall
T215,Crosswinds Methodist Church,St Paul,7:26am,6:18am,68.0,1380.0,Bus towards Eastbound 94F Express / Dwtn St Paul / River Plaza
T215,Crosswinds Methodist Church,St Paul,7:26am,6:18am,68.0,133.0,"Walk to St Paul, MN 55101, USA"
T217,I-35W & 95th Ave,St Paul,7:44am,6:43am,61.0,76.0,Walk to 95th Ave P&R
T217,I-35W & 95th Ave,St Paul,7:44am,6:43am,61.0,3360.0,Bus towards Southbound 262 Ltd Stop / DT ST Paul / Union Depot
T217,I-35W & 95th Ave,St Paul,7:44am,6:43am,61.0,238.0,"Walk to St Paul, MN 55101, USA"
T219,West St Paul Sports Complex,St Paul,7:39am,7:15am,24.0,459.0,Walk to Thompson Ave & Oakdale Ave
T219,West St Paul Sports Complex,St Paul,7:39am,7:15am,24.0,960.0,Bus towards Northbound 68M Jackson St/Rice - Larp/12th-Thompson
T219,West St Paul Sports Complex,St Paul,7:39am,7:15am,24.0,3.0,"Walk to St Paul, MN 55101, USA"
T222,Woodbury Lutheran Church,St Paul,7:38am,7:16am,22.0,100.0,Walk to Woodbury Lutheran & P&R - Arrive
T222,Woodbury Lutheran Church,St Paul,7:38am,7:16am,22.0,1200.0,Bus towards Westbound 351 Express / St Paul
T222,Woodbury Lutheran Church,St Paul,7:38am,7:16am,22.0,59.0,"Walk to St Paul, MN 55101, USA"
T223,St Croix Valley Recreation Center,St Paul,7:41am,6:58am,43.0,41.0,Walk to St Croix Rec Center & P&R Shelter
T223,St Croix Valley Recreation Center,St Paul,7:41am,6:58am,43.0,2460.0,Bus towards Westbound 294 Express / St Paul
T223,St Croix Valley Recreation Center,St Paul,7:41am,6:58am,43.0,59.0,"Walk to St Paul, MN 55101, USA"
T228,Hwy 610 & Noble,St Paul,7:43am,6:41am,62.0,250.0,Walk to Hwy 610 Noble Pkwy P&R Arrive & 95th Ave N
T228,Hwy 610 & Noble,St Paul,7:43am,6:41am,62.0,1440.0,Bus towards Southbound 768 Express / Downtown
T228,Hwy 610 & Noble,St Paul,7:43am,6:41am,62.0,102.0,Walk to 6th St S & Nicollet Mall
T228,Hwy 610 & Noble,St Paul,7:43am,6:41am,62.0,1380.0,Bus towards Eastbound 94D Express / Dwtn St Paul / Union Depot
T228,Hwy 610 & Noble,St Paul,7:43am,6:41am,62.0,133.0,"Walk to St Paul, MN 55101, USA"
T229,Woodbury Theatre,St Paul,7:38am,7:08am,30.0,579.0,Walk to Woodbury Lutheran & P&R - Arrive
T229,Woodbury Theatre,St Paul,7:38am,7:08am,30.0,1200.0,Bus towards Westbound 351 Express / St Paul
T229,Woodbury Theatre,St Paul,7:38am,7:08am,30.0,59.0,"Walk to St Paul, MN 55101, USA"
T230,Preserve Village Mall,St Paul,7:43am,6:18am,85.0,73.0,Walk to Hennepin Town Rd & Preserve Village Mall
T230,Preserve Village Mall,St Paul,7:43am,6:18am,85.0,3060.0,Bus towards Eastbound 690P Express/And Lk/Pres P&R/SW Sta/Mpls
T230,Preserve Village Mall,St Paul,7:43am,6:18am,85.0,134.0,Walk to 6th St S & 2nd Ave / 3rd Ave S
T230,Preserve Village Mall,St Paul,7:43am,6:18am,85.0,1260.0,Bus towards Eastbound 94D Express / Dwtn St Paul / Union Depot
T230,Preserve Village Mall,St Paul,7:43am,6:18am,85.0,133.0,"Walk to St Paul, MN 55101, USA"
T231,Coon Rapids/Riverdale Station,St Paul,7:39am,6:39am,60.0,128.0,Walk to Coon Rapids Riverdale Station & Gate C
T231,Coon Rapids/Riverdale Station,St Paul,7:39am,6:39am,60.0,3420.0,Bus towards Southbound 860 Express/St Paul/Northtown
T231,Coon Rapids/Riverdale Station,St Paul,7:39am,6:39am,60.0,59.0,"Walk to St Paul, MN 55101, USA"
T232,Co Rd 42 & Huntington,St Paul,7:22am,6:11am,71.0,92.0,Walk to Savage Park & Ride
T232,Co Rd 42 & Huntington,St Paul,7:22am,6:11am,71.0,720.0,Bus towards 464 MINNEAPOLIS via HOC
T232,Co Rd 42 & Huntington,St Paul,7:22am,6:11am,71.0,2640.0,Bus towards 480 St Paul
T232,Co Rd 42 & Huntington,St Paul,7:22am,6:11am,71.0,133.0,"Walk to St Paul, MN 55101, USA"
T242,St. Philip's Park & Ride,St Paul,7:37am,6:19am,78.0,6.0,Walk to Cnty Rd 6 & St Philip P&R
T242,St. Philip's Park & Ride,St Paul,7:37am,6:19am,78.0,2280.0,Bus towards Eastbound 776 Olive Ln/Marquette & Washington
T242,St. Philip's Park & Ride,St Paul,7:37am,6:19am,78.0,134.0,Walk to 6th St S & 2nd Ave / 3rd Ave S
T242,St. Philip's Park & Ride,St Paul,7:37am,6:19am,78.0,1260.0,Bus towards Eastbound 94D Express / Dwtn St Paul / Union Depot
T242,St. Philip's Park & Ride,St Paul,7:37am,6:19am,78.0,133.0,"Walk to St Paul, MN 55101, USA"
T244,Elk River Station,St Paul,7:10am,5:55am,75.0,177.0,Walk to Elk River Station - Platform
T244,Elk River Station,St Paul,7:10am,5:55am,75.0,900.0,Train towards Southbound Northstar / Minneapolis / Target Field
T244,Elk River Station,St Paul,7:10am,5:55am,75.0,30.0,Walk to Coon Rapids Riverdale Station & Gate C
T244,Elk River Station,St Paul,7:10am,5:55am,75.0,3120.0,Bus towards Southbound 860 Express/St Paul/Northtown
T244,Elk River Station,St Paul,7:10am,5:55am,75.0,59.0,"Walk to St Paul, MN 55101, USA"
T245,Cottage Grove,St Paul,7:37am,7:07am,30.0,74.0,Walk to Cottage Grove & P&R - Arrive
T245,Cottage Grove,St Paul,7:37am,7:07am,30.0,1680.0,Bus towards Northbound 361B Express / St Paul
T245,Cottage Grove,St Paul,7:37am,7:07am,30.0,59.0,"Walk to St Paul, MN 55101, USA"
T247,Maple Grove Transit Station,St Paul,7:43am,6:46am,57.0,19.0,Walk to Maple Grove Transit Station
T247,Maple Grove Transit Station,St Paul,7:43am,6:46am,57.0,1440.0,Bus towards Southbound 781 Trip 7 / Maple Grove / To Mpls
T247,Maple Grove Transit Station,St Paul,7:43am,6:46am,57.0,102.0,Walk to 6th St S & Nicollet Mall
T247,Maple Grove Transit Station,St Paul,7:43am,6:46am,57.0,1380.0,Bus towards Eastbound 94D Express / Dwtn St Paul / Union Depot
T247,Maple Grove Transit Station,St Paul,7:43am,6:46am,57.0,133.0,"Walk to St Paul, MN 55101, USA"
T248,Walton Park,St Paul,7:41am,7:17am,24.0,55.0,Walk to Hadley Ave N & Upper 17th St N
T248,Walton Park,St Paul,7:41am,7:17am,24.0,1380.0,Bus towards Westbound 294 Express / St Paul
T248,Walton Park,St Paul,7:41am,7:17am,24.0,59.0,"Walk to St Paul, MN 55101, USA"
T251,28th Ave Station,St Paul,7:44am,7:06am,38.0,68.0,Walk to Lindau Ln & 28th Ave / 30th Ave
T251,28th Ave Station,St Paul,7:44am,7:06am,38.0,2040.0,Bus towards Eastbound 54 Ltd Stop /Dtwn St Paul/ Via Airport
T251,28th Ave Station,St Paul,7:44am,7:06am,38.0,133.0,"Walk to St Paul, MN 55101, USA"
T252,Ft Snelling Station North,St Paul,7:43am,6:42am,61.0,265.0,Walk to Fort Snelling Station
T252,Ft Snelling Station North,St Paul,7:43am,6:42am,61.0,360.0,Light rail towards Northbound to Mpls-Target Field
T252,Ft Snelling Station North,St Paul,7:43am,6:42am,61.0,44.0,Walk to 46th Street Station
T252,Ft Snelling Station North,St Paul,7:43am,6:42am,61.0,2100.0,Bus towards Eastbound 74G E 7th St / Ivy-Hwy 120
T252,Ft Snelling Station North,St Paul,7:43am,6:42am,61.0,133.0,"Walk to St Paul, MN 55101, USA"
T253,Ft Snelling Station South,St Paul,7:43am,6:42am,61.0,282.0,Walk to Fort Snelling Station
T253,Ft Snelling Station South,St Paul,7:43am,6:42am,61.0,360.0,Light rail towards Northbound to Mpls-Target Field
T253,Ft Snelling Station South,St Paul,7:43am,6:42am,61.0,44.0,Walk to 46th Street Station
T253,Ft Snelling Station South,St Paul,7:43am,6:42am,61.0,2100.0,Bus towards Eastbound 74G E 7th St / Ivy-Hwy 120
T253,Ft Snelling Station South,St Paul,7:43am,6:42am,61.0,133.0,"Walk to St Paul, MN 55101, USA"
T256,Hwy 100 & Duluth,St Paul,7:26am,6:37am,49.0,68.0,Walk to MN Dot P&R & Lilac Dr
T256,Hwy 100 & Duluth,St Paul,7:26am,6:37am,49.0,900.0,Bus towards Southbound 758 Express / Downtown
T256,Hwy 100 & Duluth,St Paul,7:26am,6:37am,49.0,1260.0,Bus towards Eastbound 94F Express / Dwtn St Paul / River Plaza
T256,Hwy 100 & Duluth,St Paul,7:26am,6:37am,49.0,133.0,"Walk to St Paul, MN 55101, USA"
T258,Heart of the City,St Paul,7:36am,6:40am,56.0,74.0,Walk to Pillsbury Av at Heart of the City P&R E corner
T258,Heart of the City,St Paul,7:36am,6:40am,56.0,3120.0,Bus towards 480 St Paul
T258,Heart of the City,St Paul,7:36am,6:40am,56.0,133.0,"Walk to St Paul, MN 55101, USA"
T261,Knox Avenue at Best Buy,St Paul,7:43am,6:43am,60.0,107.0,Walk to Knox Ave S - Knox Ave P&R
T261,Knox Avenue at Best Buy,St Paul,7:43am,6:43am,60.0,1560.0,Bus towards Northbound 535 Ltd Stop / Via 77St / Minneapolis
T261,Knox Avenue at Best Buy,St Paul,7:43am,6:43am,60.0,117.0,Walk to 6th St S & 2nd Ave / 3rd Ave S
T261,Knox Avenue at Best Buy,St Paul,7:43am,6:43am,60.0,1260.0,Bus towards Eastbound 94D Express / Dwtn St Paul / Union Depot
T261,Knox Avenue at Best Buy,St Paul,7:43am,6:43am,60.0,133.0,"Walk to St Paul, MN 55101, USA"
T262,Guardian Angels Catholic Church,St Paul,7:37am,6:36am,61.0,88.0,Walk to 3rd St N & Guardian Angels P&R
T262,Guardian Angels Catholic Church,St Paul,7:37am,6:36am,61.0,1740.0,Bus towards Westbound 375 Express / Minneapolis
T262,Guardian Angels Catholic Church,St Paul,7:37am,6:36am,61.0,104.0,Walk to 6th St S & Bud Grant Way
T262,Guardian Angels Catholic Church,St Paul,7:37am,6:36am,61.0,1020.0,Bus towards Eastbound 94D Express / Dwtn St Paul / Union Depot
T262,Guardian Angels Catholic Church,St Paul,7:37am,6:36am,61.0,133.0,"Walk to St Paul, MN 55101, USA"
T266,Church of St. William,St Paul,7:43am,6:42am,61.0,123.0,Walk to University Ave & 61st Ave NE
T266,Church of St. William,St Paul,7:43am,6:42am,61.0,1500.0,Bus towards Southbound 824 Ltd Stop / University / Dntn Mpls
T266,Church of St. William,St Paul,7:43am,6:42am,61.0,198.0,Walk to 6th St S & Nicollet Mall
T266,Church of St. William,St Paul,7:43am,6:42am,61.0,1380.0,Bus towards Eastbound 94D Express / Dwtn St Paul / Union Depot
T266,Church of St. William,St Paul,7:43am,6:42am,61.0,133.0,"Walk to St Paul, MN 55101, USA"
T268,63rd Ave & Bottineau Blvd,St Paul,7:43am,6:37am,66.0,554.0,Walk to West Broadway Ave & 63rd Ave N
T268,63rd Ave & Bottineau Blvd,St Paul,7:43am,6:37am,66.0,1500.0,Bus towards Southbound 767 Express / Downtown
T268,63rd Ave & Bottineau Blvd,St Paul,7:43am,6:37am,66.0,102.0,Walk to 6th St S & Nicollet Mall
T268,63rd Ave & Bottineau Blvd,St Paul,7:43am,6:37am,66.0,1380.0,Bus towards Eastbound 94D Express / Dwtn St Paul / Union Depot
T268,63rd Ave & Bottineau Blvd,St Paul,7:43am,6:37am,66.0,133.0,"Walk to St Paul, MN 55101, USA"
T269,Hwy 252 & 66th Ave,St Paul,7:43am,6:51am,52.0,388.0,Walk to Hwy 252 & 66th Ave N
T269,Hwy 252 & 66th Ave,St Paul,7:43am,6:51am,52.0,780.0,Bus towards Southbound 766 Downtown / Cartway Rd / Noble-97Av
T269,Hwy 252 & 66th Ave,St Paul,7:43am,6:51am,52.0,102.0,Walk to 6th St S & Nicollet Mall
T269,Hwy 252 & 66th Ave,St Paul,7:43am,6:51am,52.0,1380.0,Bus towards Eastbound 94D Express / Dwtn St Paul / Union Depot
T269,Hwy 252 & 66th Ave,St Paul,7:43am,6:51am,52.0,133.0,"Walk to St Paul, MN 55101, USA"
T271,Grace Church,St Paul,7:38am,6:51am,47.0,609.0,Walk to Co Rd B & Hamline Ave
T271,Grace Church,St Paul,7:38am,6:51am,47.0,780.0,Bus towards SOUTHbound 65 Dale and Grand
T271,Grace Church,St Paul,7:38am,6:51am,47.0,41.0,Walk to Front Ave & Dale St
T271,Grace Church,St Paul,7:38am,6:51am,47.0,780.0,Bus towards Eastbound 3B Como Av/St Paul - Depot/Via Front
T271,Grace Church,St Paul,7:38am,6:51am,47.0,238.0,"Walk to St Paul, MN 55101, USA"
T272,Skating Center,St Paul,7:15am,6:20am,55.0,39.0,Walk to Civic Center Dr & Skating Center P&R
T272,Skating Center,St Paul,7:15am,6:20am,55.0,1320.0,Bus towards Southbound 261 Express / Dwtn Mpls
T272,Skating Center,St Paul,7:15am,6:20am,55.0,148.0,Walk to 6th St S & Nicollet Mall
T272,Skating Center,St Paul,7:15am,6:20am,55.0,1380.0,Bus towards Eastbound 94D Express / Dwtn St Paul / Union Depot
T272,Skating Center,St Paul,7:15am,6:20am,55.0,133.0,"Walk to St Paul, MN 55101, USA"
T278,Southbridge Crossing,St Paul,7:37am,6:26am,71.0,273.0,Walk to Southbridge Crossings Park & Ride
T278,Southbridge Crossing,St Paul,7:37am,6:26am,71.0,2220.0,Bus towards 490U Minneapolis/Shakopee/Univ of Minn
T278,Southbridge Crossing,St Paul,7:37am,6:26am,71.0,102.0,Walk to 6th St S & 2nd Ave / 3rd Ave S
T278,Southbridge Crossing,St Paul,7:37am,6:26am,71.0,1260.0,Bus towards Eastbound 94D Express / Dwtn St Paul / Union Depot
T278,Southbridge Crossing,St Paul,7:37am,6:26am,71.0,133.0,"Walk to St Paul, MN 55101, USA"
T284,Ramsey Station,St Paul,7:10am,6:03am,67.0,26.0,Walk to Ramsey Station & Platform
T284,Ramsey Station,St Paul,7:10am,6:03am,67.0,540.0,Train towards Southbound Northstar / Minneapolis / Target Field
T284,Ramsey Station,St Paul,7:10am,6:03am,67.0,30.0,Walk to Coon Rapids Riverdale Station & Gate C
T284,Ramsey Station,St Paul,7:10am,6:03am,67.0,3120.0,Bus towards Southbound 860 Express/St Paul/Northtown
T284,Ramsey Station,St Paul,7:10am,6:03am,67.0,59.0,"Walk to St Paul, MN 55101, USA"
T285,St Andrew Lutheran Church,St Paul,7:43am,6:34am,69.0,485.0,Walk to SW Station P&R & Technology Dr
T285,St Andrew Lutheran Church,St Paul,7:43am,6:34am,69.0,1740.0,Bus towards Eastbound 690P Express/And Lk/Pres P&R/SW Sta/Mpls
T285,St Andrew Lutheran Church,St Paul,7:43am,6:34am,69.0,134.0,Walk to 6th St S & 2nd Ave / 3rd Ave S
T285,St Andrew Lutheran Church,St Paul,7:43am,6:34am,69.0,1260.0,Bus towards Eastbound 94D Express / Dwtn St Paul / Union Depot
T285,St Andrew Lutheran Church,St Paul,7:43am,6:34am,69.0,133.0,"Walk to St Paul, MN 55101, USA"
T287,I-35 & Kenrick Ave,St Paul,7:37am,6:26am,71.0,54.0,Walk to Interstate 35 Ramp & Kenrick Ave P&R
T287,I-35 & Kenrick Ave,St Paul,7:37am,6:26am,71.0,2100.0,Bus towards Northbound 467 Express / Minneapolis
T287,I-35 & Kenrick Ave,St Paul,7:37am,6:26am,71.0,85.0,Walk to 6th St S & 2nd Ave / 3rd Ave S
T287,I-35 & Kenrick Ave,St Paul,7:37am,6:26am,71.0,1260.0,Bus towards Eastbound 94D Express / Dwtn St Paul / Union Depot
T287,I-35 & Kenrick Ave,St Paul,7:37am,6:26am,71.0,133.0,"Walk to St Paul, MN 55101, USA"
T290,I-35W & Co Rd C,St Paul,7:37am,6:53am,44.0,27.0,Walk to I-35W / County Road C Park and Ride
T290,I-35W & Co Rd C,St Paul,7:37am,6:53am,44.0,600.0,Bus towards Southbound 264C Express/35 Co Rd C P&R/Minneapolis
T290,I-35W & Co Rd C,St Paul,7:37am,6:53am,44.0,443.0,Walk to 6th St S & 11th Ave S
T290,I-35W & Co Rd C,St Paul,7:37am,6:53am,44.0,960.0,Bus towards Eastbound 94D Express / Dwtn St Paul / Union Depot
T290,I-35W & Co Rd C,St Paul,7:37am,6:53am,44.0,133.0,"Walk to St Paul, MN 55101, USA"
T291,Nathan Lane,St Paul,7:43am,6:29am,74.0,90.0,Walk to 45th Ave N & Nathan Lane
T291,Nathan Lane,St Paul,7:43am,6:29am,74.0,2340.0,Bus towards Eastbound 790 Express / Nathan Ln / Downtown
T291,Nathan Lane,St Paul,7:43am,6:29am,74.0,134.0,Walk to 6th St S & 2nd Ave / 3rd Ave S
T291,Nathan Lane,St Paul,7:43am,6:29am,74.0,1260.0,Bus towards Eastbound 94D Express / Dwtn St Paul / Union Depot
T291,Nathan Lane,St Paul,7:43am,6:29am,74.0,133.0,"Walk to St Paul, MN 55101, USA"
T292,SouthWest Village,St Paul,7:43am,6:37am,66.0,140.0,Walk to SouthWest Village P&R & Great Plains Blvd
T292,SouthWest Village,St Paul,7:43am,6:37am,66.0,1920.0,Bus towards Eastbound 699C Express/Clover/E Ckr/SW Vill/Mpls
T292,SouthWest Village,St Paul,7:43am,6:37am,66.0,172.0,Walk to 6th St S & 2nd Ave / 3rd Ave S
T292,SouthWest Village,St Paul,7:43am,6:37am,66.0,1260.0,Bus towards Eastbound 94D Express / Dwtn St Paul / Union Depot
T292,SouthWest Village,St Paul,7:43am,6:37am,66.0,133.0,"Walk to St Paul, MN 55101, USA"
T293,Running Aces,St Paul,7:34am,6:45am,49.0,19.0,Walk to Running Aces P&R & Zurich / Lake
T293,Running Aces,St Paul,7:34am,6:45am,49.0,2880.0,Bus towards Southbound 275 Express / St Paul
T293,Running Aces,St Paul,7:34am,6:45am,49.0,59.0,"Walk to St Paul, MN 55101, USA"
T294,Forest Lake Transit Center,St Paul,7:34am,6:33am,61.0,39.0,Walk to Transit Center & Forest Lake P&R
T294,Forest Lake Transit Center,St Paul,7:34am,6:33am,61.0,3600.0,Bus towards Southbound 275 Express / St Paul
T294,Forest Lake Transit Center,St Paul,7:34am,6:33am,61.0,59.0,"Walk to St Paul, MN 55101, USA"
T297,East Creek Station,St Paul,7:43am,6:28am,75.0,69.0,Walk to East Creek Transit Station
T297,East Creek Station,St Paul,7:43am,6:28am,75.0,2520.0,Bus towards Eastbound 699C Express/Clover/E Ckr/SW Vill/Mpls
T297,East Creek Station,St Paul,7:43am,6:28am,75.0,172.0,Walk to 6th St S & 2nd Ave / 3rd Ave S
T297,East Creek Station,St Paul,7:43am,6:28am,75.0,1260.0,Bus towards Eastbound 94D Express / Dwtn St Paul / Union Depot
T297,East Creek Station,St Paul,7:43am,6:28am,75.0,133.0,"Walk to St Paul, MN 55101, USA"
T298,Anoka Station,St Paul,7:26am,5:59am,87.0,168.0,Walk to 4th Ave & Pierce St
T298,Anoka Station,St Paul,7:26am,5:59am,87.0,1800.0,Bus towards Southbound 805 RIVERDALE/COON RAPIDS/NORTHTOWN
T298,Anoka Station,St Paul,7:26am,5:59am,87.0,2940.0,Bus towards Southbound 860 Express/St Paul/Northtown
T298,Anoka Station,St Paul,7:26am,5:59am,87.0,59.0,"Walk to St Paul, MN 55101, USA"
T299,Fridley Station,St Paul,7:43am,6:37am,66.0,444.0,Walk to University Ave & 61st Ave NE
T299,Fridley Station,St Paul,7:43am,6:37am,66.0,1500.0,Bus towards Southbound 824 Ltd Stop / University / Dntn Mpls
T299,Fridley Station,St Paul,7:43am,6:37am,66.0,198.0,Walk to 6th St S & Nicollet Mall
T299,Fridley Station,St Paul,7:43am,6:37am,66.0,1380.0,Bus towards Eastbound 94D Express / Dwtn St Paul / Union Depot
T299,Fridley Station,St Paul,7:43am,6:37am,66.0,133.0,"Walk to St Paul, MN 55101, USA"
T300,Big Lake Station,St Paul,7:10am,5:46am,84.0,63.0,Walk to Big Lake Station & Platform
T300,Big Lake Station,St Paul,7:10am,5:46am,84.0,1500.0,Train towards Southbound Northstar / Minneapolis / Target Field
T300,Big Lake Station,St Paul,7:10am,5:46am,84.0,30.0,Walk to Coon Rapids Riverdale Station & Gate C
T300,Big Lake Station,St Paul,7:10am,5:46am,84.0,3120.0,Bus towards Southbound 860 Express/St Paul/Northtown
T300,Big Lake Station,St Paul,7:10am,5:46am,84.0,59.0,"Walk to St Paul, MN 55101, USA"
T301,Parkway Station,St Paul,7:26am,6:24am,62.0,52.0,Walk to Parkway Station - P&R
T301,Parkway Station,St Paul,7:26am,6:24am,62.0,1680.0,Bus towards Southbound 785 Trip 3/Maple Grove/ To Mpls
T301,Parkway Station,St Paul,7:26am,6:24am,62.0,102.0,Walk to 6th St S & Nicollet Mall
T301,Parkway Station,St Paul,7:26am,6:24am,62.0,1380.0,Bus towards Eastbound 94F Express / Dwtn St Paul / River Plaza
T301,Parkway Station,St Paul,7:26am,6:24am,62.0,133.0,"Walk to St Paul, MN 55101, USA"
T302,Hwy 36 & Rice St,St Paul,7:44am,7:16am,28.0,362.0,Walk to Rice St & Co Rd B
T302,Hwy 36 & Rice St,St Paul,7:44am,7:16am,28.0,1080.0,Bus towards Southbound 262 Ltd Stop / DT ST Paul / Union Depot
T302,Hwy 36 & Rice St,St Paul,7:44am,7:16am,28.0,238.0,"Walk to St Paul, MN 55101, USA"
T303,Maple Plain,St Paul,7:43am,6:13am,90.0,129.0,Walk to Maple Plain P&R & Baker Park Rd
T303,Maple Plain,St Paul,7:43am,6:13am,90.0,3480.0,Bus towards Eastbound 674 Express / Downtown
T303,Maple Plain,St Paul,7:43am,6:13am,90.0,85.0,Walk to 6th St S & 2nd Ave / 3rd Ave S
T303,Maple Plain,St Paul,7:43am,6:13am,90.0,1260.0,Bus towards Eastbound 94D Express / Dwtn St Paul / Union Depot
T303,Maple Plain,St Paul,7:43am,6:13am,90.0,133.0,"Walk to St Paul, MN 55101, USA"
T304,I-35E & County Road 14,St Paul,7:44am,7:05am,39.0,154.0,Walk to Interstate 35E Co Rd 14 P&R & 21st Ave N
T304,I-35E & County Road 14,St Paul,7:44am,7:05am,39.0,2160.0,Bus towards Southbound 275 Express / St Paul
T304,I-35E & County Road 14,St Paul,7:44am,7:05am,39.0,59.0,"Walk to St Paul, MN 55101, USA"
T305,I-35E & County Road E,St Paul,7:44am,7:21am,23.0,85.0,Walk to Interstate 35E Ramp & I-35E Co Rd E P&R
T305,I-35E & County Road E,St Paul,7:44am,7:21am,23.0,1260.0,Bus towards Southbound 275 Express / St Paul
T305,I-35E & County Road E,St Paul,7:44am,7:21am,23.0,59.0,"Walk to St Paul, MN 55101, USA"
T306,Chanhassen Transit Station,St Paul,7:37am,6:22am,75.0,120.0,Walk to Chanhassen Transit Station & P&R
T306,Chanhassen Transit Station,St Paul,7:37am,6:22am,75.0,2160.0,Bus towards Eastbound 690C Express/E Bd/Chan Sta/SW Sta/Mpls
T306,Chanhassen Transit Station,St Paul,7:37am,6:22am,75.0,134.0,Walk to 6th St S & 2nd Ave / 3rd Ave S
T306,Chanhassen Transit Station,St Paul,7:37am,6:22am,75.0,1260.0,Bus towards Eastbound 94D Express / Dwtn St Paul / Union Depot
T306,Chanhassen Transit Station,St Paul,7:37am,6:22am,75.0,133.0,"Walk to St Paul, MN 55101, USA"
T309,Hopkins Park-and-Ride,St Paul,7:43am,6:43am,60.0,74.0,Walk to Excelsior Blvd & 8th Ave P&R
T309,Hopkins Park-and-Ride,St Paul,7:43am,6:43am,60.0,1560.0,Bus towards Eastbound 670 Express/Dt Mpls
T309,Hopkins Park-and-Ride,St Paul,7:43am,6:43am,60.0,85.0,Walk to 6th St S & 2nd Ave / 3rd Ave S
T309,Hopkins Park-and-Ride,St Paul,7:43am,6:43am,60.0,1260.0,Bus towards Eastbound 94D Express / Dwtn St Paul / Union Depot
T309,Hopkins Park-and-Ride,St Paul,7:43am,6:43am,60.0,133.0,"Walk to St Paul, MN 55101, USA"
T312,Carver Station,St Paul,7:26am,6:00am,86.0,35.0,Walk to Carver P&R & Ironwood Dr Jonathan Carver
T312,Carver Station,St Paul,7:26am,6:00am,86.0,2700.0,Bus towards Eastbound 697 Express/E Bd/Carver/East Creek/Mpls
T312,Carver Station,St Paul,7:26am,6:00am,86.0,172.0,Walk to 6th St S & 2nd Ave / 3rd Ave S
T312,Carver Station,St Paul,7:26am,6:00am,86.0,1260.0,Bus towards Eastbound 94F Express / Dwtn St Paul / River Plaza
T312,Carver Station,St Paul,7:26am,6:00am,86.0,133.0,"Walk to St Paul, MN 55101, USA"
T313,Newport Transit Station,St Paul,7:21am,6:55am,26.0,142.0,Walk to 21st St & 2nd Ave
T313,Newport Transit Station,St Paul,7:21am,6:55am,26.0,1380.0,Bus towards Northbound 364 St Paul Park/ Newport/ St Paul
T313,Newport Transit Station,St Paul,7:21am,6:55am,26.0,59.0,"Walk to St Paul, MN 55101, USA"
T315,Paul Parkway,St Paul,7:39am,6:24am,75.0,219.0,Walk to Paul Pkwy & Ulysses St NE
T315,Paul Parkway,St Paul,7:39am,6:24am,75.0,1440.0,Bus towards Southbound 854 Express / Downtown Mpls
T315,Paul Parkway,St Paul,7:39am,6:24am,75.0,2460.0,Bus towards Southbound 860 Express/St Paul/Northtown
T315,Paul Parkway,St Paul,7:39am,6:24am,75.0,59.0,"Walk to St Paul, MN 55101, USA"
T316,Marschall Road Transit Station,St Paul,7:43am,6:14am,89.0,217.0,Walk to The Marschall Road Transit Station
T316,Marschall Road Transit Station,St Paul,7:43am,6:14am,89.0,3180.0,Bus towards 493 Minneapolis
T316,Marschall Road Transit Station,St Paul,7:43am,6:14am,89.0,102.0,Walk to 6th St S & 2nd Ave / 3rd Ave S
T316,Marschall Road Transit Station,St Paul,7:43am,6:14am,89.0,1260.0,Bus towards Eastbound 94D Express / Dwtn St Paul / Union Depot
T316,Marschall Road Transit Station,St Paul,7:43am,6:14am,89.0,133.0,"Walk to St Paul, MN 55101, USA"
T317,Dunkirk Park & Ride,St Paul,7:26am,6:15am,71.0,10.0,Walk to Dunkirk Ln P&R - Plymouth Presbyterian
T317,Dunkirk Park & Ride,St Paul,7:26am,6:15am,71.0,2340.0,Bus towards Eastbound 774 EB/Dunkirk/Sta 73/East/DTWN/UofM
T317,Dunkirk Park & Ride,St Paul,7:26am,6:15am,71.0,134.0,Walk to 6th St S & 2nd Ave / 3rd Ave S
T317,Dunkirk Park & Ride,St Paul,7:26am,6:15am,71.0,1260.0,Bus towards Eastbound 94F Express / Dwtn St Paul / River Plaza
T317,Dunkirk Park & Ride,St Paul,7:26am,6:15am,71.0,133.0,"Walk to St Paul, MN 55101, USA"
T318,Carmike Cinema,St Paul,7:26am,6:38am,48.0,359.0,Walk to Apple Valley Transitway Station NB
T318,Carmike Cinema,St Paul,7:26am,6:38am,48.0,2400.0,Bus towards 480 St Paul
T318,Carmike Cinema,St Paul,7:26am,6:38am,48.0,133.0,"Walk to St Paul, MN 55101, USA"
T534,Becker Municipal Lot,St Paul,7:10am,5:19am,111.0,18.0,Walk to Becker P&R & Willow St
T534,Becker Municipal Lot,St Paul,7:10am,5:19am,111.0,1200.0,Bus towards Southbound 887 Northstar Link/Big Lake/ResourceCtr
T534,Becker Municipal Lot,St Paul,7:10am,5:19am,111.0,33.0,Walk to Big Lake Station & Platform
T534,Becker Municipal Lot,St Paul,7:10am,5:19am,111.0,1500.0,Train towards Southbound Northstar / Minneapolis / Target Field
T534,Becker Municipal Lot,St Paul,7:10am,5:19am,111.0,30.0,Walk to Coon Rapids Riverdale Station & Gate C
T534,Becker Municipal Lot,St Paul,7:10am,5:19am,111.0,3120.0,Bus towards Southbound 860 Express/St Paul/Northtown
T534,Becker Municipal Lot,St Paul,7:10am,5:19am,111.0,59.0,"Walk to St Paul, MN 55101, USA"
T564,Northstar Link Lot,St Paul,7:10am,5:00am,130.0,2400.0,Bus towards Southbound 887 Northstar Link/Big Lake/ResourceCtr
T564,Northstar Link Lot,St Paul,7:10am,5:00am,130.0,33.0,Walk to Big Lake Station & Platform
T564,Northstar Link Lot,St Paul,7:10am,5:00am,130.0,1500.0,Train towards Southbound Northstar / Minneapolis / Target Field
T564,Northstar Link Lot,St Paul,7:10am,5:00am,130.0,30.0,Walk to Coon Rapids Riverdale Station & Gate C
T564,Northstar Link Lot,St Paul,7:10am,5:00am,130.0,3120.0,Bus towards Southbound 860 Express/St Paul/Northtown
T564,Northstar Link Lot,St Paul,7:10am,5:00am,130.0,59.0,"Walk to St Paul, MN 55101, USA"
T701,Maplewood Mall Transit Center,St Paul,7:32am,6:56am,36.0,73.0,Walk to Maplewood Mall Transit Center & Gate C
T701,Maplewood Mall Transit Center,St Paul,7:32am,6:56am,36.0,2040.0,Bus towards Westbound 54 Ltd Stop / Mall Amer / Via Airport
T701,Maplewood Mall Transit Center,St Paul,7:32am,6:56am,36.0,59.0,"Walk to St Paul, MN 55101, USA"
T703,Northtown Transit Center,St Paul,7:39am,6:58am,41.0,2460.0,Bus towards Southbound 860 Express/St Paul/Northtown
T703,Northtown Transit Center,St Paul,7:39am,6:58am,41.0,59.0,"Walk to St Paul, MN 55101, USA"
T704,Louisiana Ave Transit Center,St Paul,7:43am,6:57am,46.0,130.0,Walk to Louisiana Transit Center & B Bay
T704,Louisiana Ave Transit Center,St Paul,7:43am,6:57am,46.0,900.0,Bus towards Eastbound 663 Express / Downtown
T704,Louisiana Ave Transit Center,St Paul,7:43am,6:57am,46.0,1200.0,Bus towards Eastbound 94D Express / Dwtn St Paul / Union Depot
T704,Louisiana Ave Transit Center,St Paul,7:43am,6:57am,46.0,133.0,"Walk to St Paul, MN 55101, USA"
T705,Plymouth Road Park & Ride,St Paul,7:15am,6:21am,54.0,61.0,Walk to Wayzata Blvd N & Morries Auto
T705,Plymouth Road Park & Ride,St Paul,7:15am,6:21am,54.0,1260.0,Bus towards Eastbound 672 Express / Downtown
T705,Plymouth Road Park & Ride,St Paul,7:15am,6:21am,54.0,85.0,Walk to 6th St S & 2nd Ave / 3rd Ave S
T705,Plymouth Road Park & Ride,St Paul,7:15am,6:21am,54.0,1260.0,Bus towards Eastbound 94D Express / Dwtn St Paul / Union Depot
T705,Plymouth Road Park & Ride,St Paul,7:15am,6:21am,54.0,133.0,"Walk to St Paul, MN 55101, USA"
T706,Southdale Transit Center,St Paul,7:43am,6:44am,59.0,29.0,Walk to Southdale Transit Center & Gate C
T706,Southdale Transit Center,St Paul,7:43am,6:44am,59.0,1620.0,Bus towards Northbound 578 Express / Downtown
T706,Southdale Transit Center,St Paul,7:43am,6:44am,59.0,117.0,Walk to 6th St S & 2nd Ave / 3rd Ave S
T706,Southdale Transit Center,St Paul,7:43am,6:44am,59.0,1260.0,Bus towards Eastbound 94D Express / Dwtn St Paul / Union Depot
T706,Southdale Transit Center,St Paul,7:43am,6:44am,59.0,133.0,"Walk to St Paul, MN 55101, USA"
T716,157th St Station,Minneapolis,7:19am,6:34am,45.0,7.0,Walk to 157th St Station
T716,157th St Station,Minneapolis,7:19am,6:34am,45.0,2640.0,Bus towards 479 Minneapolis
T716,157th St Station,Minneapolis,7:19am,6:34am,45.0,49.0,"Walk to 215 S 8th St, Minneapolis, MN 55402, USA"
T718,Cedar Grove Transit Station,Minneapolis,7:34am,6:45am,49.0,33.0,Walk to Cedar Grove Transit Station
T718,Cedar Grove Transit Station,Minneapolis,7:34am,6:45am,49.0,1140.0,Bus towards 444A Savage Park & Ride
T718,Cedar Grove Transit Station,Minneapolis,7:34am,6:45am,49.0,1500.0,Bus towards 460 Minneapolis
T718,Cedar Grove Transit Station,Minneapolis,7:34am,6:45am,49.0,49.0,"Walk to 215 S 8th St, Minneapolis, MN 55402, USA"
T719,Lakeville Cedar,Minneapolis,7:41am,6:50am,51.0,90.0,Walk to Lakeville Cedar P&R
T719,Lakeville Cedar,Minneapolis,7:41am,6:50am,51.0,2940.0,Bus towards 477 Minneapolis
T719,Lakeville Cedar,Minneapolis,7:41am,6:50am,51.0,49.0,"Walk to 215 S 8th St, Minneapolis, MN 55402, USA"
T721,Rosemount Transit Station,Minneapolis,7:32am,6:46am,46.0,2760.0,Bus towards 478 Minneapolis
T721,Rosemount Transit Station,Minneapolis,7:32am,6:46am,46.0,49.0,"Walk to 215 S 8th St, Minneapolis, MN 55402, USA"
T722,Eagle Creek Transit Station,Minneapolis,7:43am,6:47am,56.0,220.0,Walk to Eagle Creek Park & Ride
T722,Eagle Creek Transit Station,Minneapolis,7:43am,6:47am,56.0,3120.0,Bus towards 490U Minneapolis/Shakopee/Univ of Minn
T722,Eagle Creek Transit Station,Minneapolis,7:43am,6:47am,56.0,49.0,"Walk to 215 S 8th St, Minneapolis, MN 55402, USA"
T710,Burnsville Transit Station,St Paul,7:43am,6:43am,60.0,57.0,Walk to Burnsville Transit Station
T710,Burnsville Transit Station,St Paul,7:43am,6:43am,60.0,1560.0,Bus towards 460 Minneapolis
T710,Burnsville Transit Station,St Paul,7:43am,6:43am,60.0,102.0,Walk to 6th St S & 2nd Ave / 3rd Ave S
T710,Burnsville Transit Station,St Paul,7:43am,6:43am,60.0,1260.0,Bus towards Eastbound 94D Express / Dwtn St Paul / Union Depot
T710,Burnsville Transit Station,St Paul,7:43am,6:43am,60.0,133.0,"Walk to St Paul, MN 55101, USA"
T711,Eagan Transit Station,St Paul,7:36am,7:10am,26.0,46.0,Walk to Eagan Transit Station
T711,Eagan Transit Station,St Paul,7:36am,7:10am,26.0,1380.0,Bus towards 480 St Paul
T711,Eagan Transit Station,St Paul,7:36am,7:10am,26.0,133.0,"Walk to St Paul, MN 55101, USA"
T712,Apple Valley Transit Station,St Paul,7:26am,6:40am,46.0,240.0,Walk to Apple Valley Transitway Station NB
T712,Apple Valley Transit Station,St Paul,7:26am,6:40am,46.0,2400.0,Bus towards 480 St Paul
T712,Apple Valley Transit Station,St Paul,7:26am,6:40am,46.0,133.0,"Walk to St Paul, MN 55101, USA"
T713,SouthWest Station,St Paul,7:43am,6:40am,63.0,91.0,Walk to SW Station P&R & Technology Dr
T713,SouthWest Station,St Paul,7:43am,6:40am,63.0,1740.0,Bus towards Eastbound 690P Express/And Lk/Pres P&R/SW Sta/Mpls
T713,SouthWest Station,St Paul,7:43am,6:40am,63.0,134.0,Walk to 6th St S & 2nd Ave / 3rd Ave S
T713,SouthWest Station,St Paul,7:43am,6:40am,63.0,1260.0,Bus towards Eastbound 94D Express / Dwtn St Paul / Union Depot
T713,SouthWest Station,St Paul,7:43am,6:40am,63.0,133.0,"Walk to St Paul, MN 55101, USA"
T714,Station 73,St Paul,7:43am,6:43am,60.0,1560.0,Bus towards Eastbound 772 Express / Metrolink / Downtown
T714,Station 73,St Paul,7:43am,6:43am,60.0,134.0,Walk to 6th St S & 2nd Ave / 3rd Ave S
T714,Station 73,St Paul,7:43am,6:43am,60.0,1260.0,Bus towards Eastbound 94D Express / Dwtn St Paul / Union Depot
T714,Station 73,St Paul,7:43am,6:43am,60.0,133.0,"Walk to St Paul, MN 55101, USA"
T715,Mound Transit Center,St Paul,7:37am,6:28am,69.0,43.0,Walk to Mound Transit Center & Shoreline Dr (Co Rd 15)
T715,Mound Transit Center,St Paul,7:37am,6:28am,69.0,2400.0,Bus towards Eastbound 677 Express/Minneapolis/Hwy 12 Bypass
T715,Mound Transit Center,St Paul,7:37am,6:28am,69.0,85.0,Walk to 6th St S & 2nd Ave / 3rd Ave S
T715,Mound Transit Center,St Paul,7:37am,6:28am,69.0,1260.0,Bus towards Eastbound 94D Express / Dwtn St Paul / Union Depot
T715,Mound Transit Center,St Paul,7:37am,6:28am,69.0,133.0,"Walk to St Paul, MN 55101, USA"
T716,157th St Station,St Paul,7:06am,5:56am,70.0,7.0,Walk to 157th St Station
T716,157th St Station,St Paul,7:06am,5:56am,70.0,660.0,Bus towards 477 Minneapolis
T716,157th St Station,St Paul,7:06am,5:56am,70.0,2400.0,Bus towards 480 St Paul
T716,157th St Station,St Paul,7:06am,5:56am,70.0,133.0,"Walk to St Paul, MN 55101, USA"
T718,Cedar Grove Transit Station,St Paul,7:36am,6:39am,57.0,33.0,Walk to Cedar Grove Transit Station
T718,Cedar Grove Transit Station,St Paul,7:36am,6:39am,57.0,1200.0,Bus towards 437 Eagan
T718,Cedar Grove Transit Station,St Paul,7:36am,6:39am,57.0,1380.0,Bus towards 480 St Paul
T718,Cedar Grove Transit Station,St Paul,7:36am,6:39am,57.0,133.0,"Walk to St Paul, MN 55101, USA"
T719,Lakeville Cedar,St Paul,7:26am,6:21am,65.0,90.0,Walk to Lakeville Cedar P&R
T719,Lakeville Cedar,St Paul,7:26am,6:21am,65.0,480.0,Bus towards 477 Minneapolis
T719,Lakeville Cedar,St Paul,7:26am,6:21am,65.0,2400.0,Bus towards 480 St Paul
T719,Lakeville Cedar,St Paul,7:26am,6:21am,65.0,133.0,"Walk to St Paul, MN 55101, USA"
T721,Rosemount Transit Station,St Paul,7:35am,7:02am,33.0,1860.0,Bus towards 484 St Paul
T721,Rosemount Transit Station,St Paul,7:35am,7:02am,33.0,133.0,"Walk to St Paul, MN 55101, USA"
T722,Eagle Creek Transit Station,St Paul,7:37am,6:17am,80.0,220.0,Walk to Eagle Creek Park & Ride
T722,Eagle Creek Transit Station,St Paul,7:37am,6:17am,80.0,2820.0,Bus towards 490U Minneapolis/Shakopee/Univ of Minn
T722,Eagle Creek Transit Station,St Paul,7:37am,6:17am,80.0,102.0,Walk to 6th St S & 2nd Ave / 3rd Ave S
T722,Eagle Creek Transit Station,St Paul,7:37am,6:17am,80.0,1260.0,Bus towards Eastbound 94D Express / Dwtn St Paul / Union Depot
T722,Eagle Creek Transit Station,St Paul,7:37am,6:17am,80.0,133.0,"Walk to St Paul, MN 55101, USA"
